policy,budget,context_tokens,repeat,decode_ms,decode_tokens_per_sec,cache_tokens,cache_mib,allocated_above_model_mib,reserved_mib,peak_above_model_mib,model,attention_backend,gpu_name,torch_version,timestamp
full,0,512,0,33.682539011351764,29.688973258903605,516,14.109375,14.39990234375,3164.0,17.6455078125,Qwen/Qwen2.5-1.5B,sdpa,NVIDIA GeForce RTX 3060,2.11.0+cu128,2026-09-03T06:31:50+00:00
full,0,512,1,33.77261204877868,29.60979146521665,517,14.13671875,14.42724609375,3164.0,17.6728515625,Qwen/Qwen2.5-1.5B,sdpa,NVIDIA GeForce RTX 3060,2.11.0+cu128,2026-09-03T06:31:50+00:00
full,0,512,2,33.887789002619684,29.509154460407416,518,14.1640625,14.45458984375,3164.0,17.7001953125,Qwen/Qwen2.5-1.5B,sdpa,NVIDIA GeForce RTX 3060,2.11.0+cu128,2026-09-03T06:31:50+00:00
full,0,512,3,33.74526498373598,29.633787154493067,519,14.19140625,14.48193359375,3164.0,17.7275390625,Qwen/Qwen2.5-1.5B,sdpa,NVIDIA GeForce RTX 3060,2.11.0+cu128,2026-09-03T06:31:50+00:00
full,0,512,4,34.24188803182915,29.20399713562703,520,14.21875,14.50927734375,3164.0,17.7548828125,Qwen/Qwen2.5-1.5B,sdpa,NVIDIA GeForce RTX 3060,2.11.0+cu128,2026-09-03T06:31:51+00:00
full,0,512,5,33.9201990282163,29.480959093670304,521,14.24609375,14.53662109375,3164.0,17.7822265625,Qwen/Qwen2.5-1.5B,sdpa,NVIDIA GeForce RTX 3060,2.11.0+cu128,2026-09-03T06:31:51+00:00
full,0,512,6,33.702930028084666,29.671010774632936,522,14.2734375,14.56396484375,3164.0,17.8095703125,Qwen/Qwen2.5-1.5B,sdpa,NVIDIA GeForce RTX 3060,2.11.0+cu128,2026-09-03T06:31:51+00:00
full,0,512,7,34.043982974253595,29.373766305671957,523,14.30078125,14.59130859375,3164.0,17.8369140625,Qwen/Qwen2.5-1.5B,sdpa,NVIDIA GeForce RTX 3060,2.11.0+cu128,2026-09-03T06:31:51+00:00
full,0,512,8,34.212788043078035,29.228836853076082,524,14.328125,14.61865234375,3164.0,17.8642578125,Qwen/Qwen2.5-1.5B,sdpa,NVIDIA GeForce RTX 3060,2.11.0+cu128,2026-09-03T06:31:51+00:00
full,0,512,9,34.14315800182521,29.28844484586172,525,14.35546875,14.64599609375,3166.0,17.8916015625,Qwen/Qwen2.5-1.5B,sdpa,NVIDIA GeForce RTX 3060,2.11.0+cu128,2026-09-03T06:31:51+00:00
full,0,512,10,33.733511983882636,29.644111780528068,526,14.3828125,14.67333984375,3166.0,17.9189453125,Qwen/Qwen2.5-1.5B,sdpa,NVIDIA GeForce RTX 3060,2.11.0+cu128,2026-09-03T06:31:51+00:00
full,0,512,11,33.8695989921689,29.525002650052432,527,14.41015625,14.70068359375,3166.0,17.9462890625,Qwen/Qwen2.5-1.5B,sdpa,NVIDIA GeForce RTX 3060,2.11.0+cu128,2026-09-03T06:31:51+00:00
full,0,512,12,34.17885600356385,29.25785461911684,528,14.4375,14.72802734375,3166.0,17.9736328125,Qwen/Qwen2.5-1.5B,sdpa,NVIDIA GeForce RTX 3060,2.11.0+cu128,2026-09-03T06:31:51+00:00
full,0,512,13,34.12477299571037,29.304224239841954,529,14.46484375,14.75537109375,3166.0,18.0009765625,Qwen/Qwen2.5-1.5B,sdpa,NVIDIA GeForce RTX 3060,2.11.0+cu128,2026-09-03T06:31:51+00:00
full,0,512,14,33.96020398940891,29.446230661979172,530,14.4921875,14.78271484375,3166.0,18.0283203125,Qwen/Qwen2.5-1.5B,sdpa,NVIDIA GeForce RTX 3060,2.11.0+cu128,2026-09-03T06:31:51+00:00
full,0,512,15,33.90393400331959,29.495102246898202,531,14.51953125,14.81005859375,3166.0,18.0556640625,Qwen/Qwen2.5-1.5B,sdpa,NVIDIA GeForce RTX 3060,2.11.0+cu128,2026-09-03T06:31:51+00:00
full,0,512,16,34.105815982911736,29.3205123871259,532,14.546875,14.83740234375,3166.0,18.0830078125,Qwen/Qwen2.5-1.5B,sdpa,NVIDIA GeForce RTX 3060,2.11.0+cu128,2026-09-03T06:31:51+00:00
full,0,512,17,33.86956104077399,29.525035733298893,533,14.57421875,14.86474609375,3166.0,18.1103515625,Qwen/Qwen2.5-1.5B,sdpa,NVIDIA GeForce RTX 3060,2.11.0+cu128,2026-09-03T06:31:51+00:00
full,0,512,18,33.823731006123126,29.56504117830672,534,14.6015625,14.89208984375,3166.0,18.1376953125,Qwen/Qwen2.5-1.5B,sdpa,NVIDIA GeForce RTX 3060,2.11.0+cu128,2026-09-03T06:31:51+00:00
full,0,512,19,34.532630001194775,28.95811874060567,535,14.62890625,14.91943359375,3166.0,18.1650390625,Qwen/Qwen2.5-1.5B,sdpa,NVIDIA GeForce RTX 3060,2.11.0+cu128,2026-09-03T06:31:51+00:00
full,0,4096,0,34.3821769929491,29.084836606043716,4100,112.109375,112.38818359375,3306.0,136.1630859375,Qwen/Qwen2.5-1.5B,sdpa,NVIDIA GeForce RTX 3060,2.11.0+cu128,2026-09-03T06:31:51+00:00
full,0,4096,1,34.809854987543076,28.727496864260313,4101,112.13671875,112.41259765625,3306.0,136.193359375,Qwen/Qwen2.5-1.5B,sdpa,NVIDIA GeForce RTX 3060,2.11.0+cu128,2026-09-03T06:31:51+00:00
full,0,4096,2,34.12467602174729,29.304307515262877,4102,112.1640625,112.43701171875,3306.0,136.2236328125,Qwen/Qwen2.5-1.5B,sdpa,NVIDIA GeForce RTX 3060,2.11.0+cu128,2026-09-03T06:31:51+00:00
full,0,4096,3,33.88317400822416,29.51317369964452,4103,112.19140625,112.46142578125,3306.0,136.25390625,Qwen/Qwen2.5-1.5B,sdpa,NVIDIA GeForce RTX 3060,2.11.0+cu128,2026-09-03T06:31:51+00:00
full,0,4096,4,34.34692701557651,29.114686141979885,4104,112.21875,112.48583984375,3306.0,136.2841796875,Qwen/Qwen2.5-1.5B,sdpa,NVIDIA GeForce RTX 3060,2.11.0+cu128,2026-09-03T06:31:51+00:00
full,0,4096,5,33.84916600771248,29.54282536155105,4105,112.24609375,112.51025390625,3306.0,136.314453125,Qwen/Qwen2.5-1.5B,sdpa,NVIDIA GeForce RTX 3060,2.11.0+cu128,2026-09-03T06:31:51+00:00
full,0,4096,6,33.857483009342104,29.53556824422169,4106,112.2734375,112.53466796875,3306.0,136.3447265625,Qwen/Qwen2.5-1.5B,sdpa,NVIDIA GeForce RTX 3060,2.11.0+cu128,2026-09-03T06:31:51+00:00
full,0,4096,7,34.35089404229075,29.111323820825753,4107,112.30078125,112.55908203125,3306.0,136.375,Qwen/Qwen2.5-1.5B,sdpa,NVIDIA GeForce RTX 3060,2.11.0+cu128,2026-09-03T06:31:51+00:00
full,0,4096,8,34.09235697472468,29.332087562657456,4108,112.328125,112.58349609375,3306.0,136.4052734375,Qwen/Qwen2.5-1.5B,sdpa,NVIDIA GeForce RTX 3060,2.11.0+cu128,2026-09-03T06:31:52+00:00
full,0,4096,9,33.71952997986227,29.656403888109132,4109,112.35546875,111.6396484375,3306.0,136.43603515625,Qwen/Qwen2.5-1.5B,sdpa,NVIDIA GeForce RTX 3060,2.11.0+cu128,2026-09-03T06:31:52+00:00
full,0,4096,10,34.19140097685158,29.247119785381845,4110,112.3828125,112.63427734375,3306.0,136.4677734375,Qwen/Qwen2.5-1.5B,sdpa,NVIDIA GeForce RTX 3060,2.11.0+cu128,2026-09-03T06:31:52+00:00
full,0,4096,11,34.285040048416704,29.16724024786958,4111,112.41015625,112.65771484375,3306.0,136.4970703125,Qwen/Qwen2.5-1.5B,sdpa,NVIDIA GeForce RTX 3060,2.11.0+cu128,2026-09-03T06:31:52+00:00
full,0,4096,12,33.79235800821334,29.592489513663022,4112,112.4375,112.68115234375,3306.0,136.5263671875,Qwen/Qwen2.5-1.5B,sdpa,NVIDIA GeForce RTX 3060,2.11.0+cu128,2026-09-03T06:31:52+00:00
full,0,4096,13,33.92363101011142,29.477976567482877,4113,112.46484375,112.70556640625,3306.0,136.556640625,Qwen/Qwen2.5-1.5B,sdpa,NVIDIA GeForce RTX 3060,2.11.0+cu128,2026-09-03T06:31:52+00:00
full,0,4096,14,34.11589004099369,29.31185435286604,4114,112.4921875,112.72998046875,3306.0,136.5869140625,Qwen/Qwen2.5-1.5B,sdpa,NVIDIA GeForce RTX 3060,2.11.0+cu128,2026-09-03T06:31:52+00:00
full,0,4096,15,34.28845101734623,29.16433873009045,4115,112.51953125,112.75439453125,3306.0,136.6171875,Qwen/Qwen2.5-1.5B,sdpa,NVIDIA GeForce RTX 3060,2.11.0+cu128,2026-09-03T06:31:52+00:00
full,0,4096,16,34.221053996589035,29.22177674888899,4116,112.546875,112.77880859375,3306.0,136.6474609375,Qwen/Qwen2.5-1.5B,sdpa,NVIDIA GeForce RTX 3060,2.11.0+cu128,2026-09-03T06:31:52+00:00
full,0,4096,17,34.03702296782285,29.37977275349132,4117,112.57421875,112.80322265625,3306.0,136.677734375,Qwen/Qwen2.5-1.5B,sdpa,NVIDIA GeForce RTX 3060,2.11.0+cu128,2026-09-03T06:31:52+00:00
full,0,4096,18,34.34675600146875,29.114831105366623,4118,112.6015625,112.82763671875,3306.0,136.7080078125,Qwen/Qwen2.5-1.5B,sdpa,NVIDIA GeForce RTX 3060,2.11.0+cu128,2026-09-03T06:31:52+00:00
full,0,4096,19,34.65834097005427,28.85308332744567,4119,112.62890625,112.85205078125,3306.0,136.73828125,Qwen/Qwen2.5-1.5B,sdpa,NVIDIA GeForce RTX 3060,2.11.0+cu128,2026-09-03T06:31:52+00:00
full,0,16384,0,43.85714803356677,22.80130024037664,16388,448.109375,448.39990234375,3866.0,544.1748046875,Qwen/Qwen2.5-1.5B,sdpa,NVIDIA GeForce RTX 3060,2.11.0+cu128,2026-09-03T06:31:52+00:00
full,0,16384,1,44.0435929922387,22.70477797250144,16389,448.13671875,448.42724609375,3866.0,544.2080078125,Qwen/Qwen2.5-1.5B,sdpa,NVIDIA GeForce RTX 3060,2.11.0+cu128,2026-09-03T06:31:52+00:00
full,0,16384,2,43.93312201136723,22.76186972874954,16390,448.1640625,448.45458984375,3866.0,544.2412109375,Qwen/Qwen2.5-1.5B,sdpa,NVIDIA GeForce RTX 3060,2.11.0+cu128,2026-09-03T06:31:52+00:00
full,0,16384,3,44.002538023050874,22.725961840568075,16391,448.19140625,448.48193359375,3866.0,544.2744140625,Qwen/Qwen2.5-1.5B,sdpa,NVIDIA GeForce RTX 3060,2.11.0+cu128,2026-09-03T06:31:52+00:00
full,0,16384,4,44.05585600761697,22.69845806258098,16392,448.21875,448.50927734375,3866.0,544.3076171875,Qwen/Qwen2.5-1.5B,sdpa,NVIDIA GeForce RTX 3060,2.11.0+cu128,2026-09-03T06:31:52+00:00
full,0,16384,5,43.97639201488346,22.7394734807157,16393,448.24609375,448.53662109375,3866.0,544.3408203125,Qwen/Qwen2.5-1.5B,sdpa,NVIDIA GeForce RTX 3060,2.11.0+cu128,2026-09-03T06:31:52+00:00
full,0,16384,6,44.00907299714163,22.722587227977957,16394,448.2734375,448.56396484375,3866.0,544.3740234375,Qwen/Qwen2.5-1.5B,sdpa,NVIDIA GeForce RTX 3060,2.11.0+cu128,2026-09-03T06:31:52+00:00
full,0,16384,7,43.97317202528939,22.741138606623387,16395,448.30078125,448.59130859375,3866.0,544.4072265625,Qwen/Qwen2.5-1.5B,sdpa,NVIDIA GeForce RTX 3060,2.11.0+cu128,2026-09-03T06:31:52+00:00
full,0,16384,8,43.86015504132956,22.799737006348856,16396,448.328125,448.61865234375,3866.0,544.4404296875,Qwen/Qwen2.5-1.5B,sdpa,NVIDIA GeForce RTX 3060,2.11.0+cu128,2026-09-03T06:31:52+00:00
full,0,16384,9,43.98300597677007,22.736054023414336,16397,448.35546875,448.64599609375,3866.0,544.4736328125,Qwen/Qwen2.5-1.5B,sdpa,NVIDIA GeForce RTX 3060,2.11.0+cu128,2026-09-03T06:31:53+00:00
full,0,16384,10,43.96405298030004,22.745855584517933,16398,448.3828125,448.67333984375,3866.0,544.5068359375,Qwen/Qwen2.5-1.5B,sdpa,NVIDIA GeForce RTX 3060,2.11.0+cu128,2026-09-03T06:31:53+00:00
full,0,16384,11,44.001585978548974,22.72645355300388,16399,448.41015625,448.70068359375,3866.0,544.5400390625,Qwen/Qwen2.5-1.5B,sdpa,NVIDIA GeForce RTX 3060,2.11.0+cu128,2026-09-03T06:31:53+00:00
full,0,16384,12,43.863932020030916,22.797773796096067,16400,448.4375,448.72802734375,3866.0,544.5732421875,Qwen/Qwen2.5-1.5B,sdpa,NVIDIA GeForce RTX 3060,2.11.0+cu128,2026-09-03T06:31:53+00:00
full,0,16384,13,43.9930260181427,22.730875561676537,16401,448.46484375,448.75537109375,3866.0,544.6064453125,Qwen/Qwen2.5-1.5B,sdpa,NVIDIA GeForce RTX 3060,2.11.0+cu128,2026-09-03T06:31:53+00:00
full,0,16384,14,43.98244799813256,22.736342461939792,16402,448.4921875,448.78271484375,3866.0,544.6396484375,Qwen/Qwen2.5-1.5B,sdpa,NVIDIA GeForce RTX 3060,2.11.0+cu128,2026-09-03T06:31:53+00:00
full,0,16384,15,44.43223000271246,22.506185260990794,16403,448.51953125,448.81005859375,3866.0,544.6728515625,Qwen/Qwen2.5-1.5B,sdpa,NVIDIA GeForce RTX 3060,2.11.0+cu128,2026-09-03T06:31:53+00:00
full,0,16384,16,43.870703026186675,22.794255186726648,16404,448.546875,448.83740234375,3866.0,544.7060546875,Qwen/Qwen2.5-1.5B,sdpa,NVIDIA GeForce RTX 3060,2.11.0+cu128,2026-09-03T06:31:53+00:00
full,0,16384,17,43.9963040407747,22.729181957494074,16405,448.57421875,448.86474609375,3866.0,544.7392578125,Qwen/Qwen2.5-1.5B,sdpa,NVIDIA GeForce RTX 3060,2.11.0+cu128,2026-09-03T06:31:53+00:00
full,0,16384,18,43.95644296891987,22.749793487773033,16406,448.6015625,448.89208984375,3866.0,544.7724609375,Qwen/Qwen2.5-1.5B,sdpa,NVIDIA GeForce RTX 3060,2.11.0+cu128,2026-09-03T06:31:53+00:00
full,0,16384,19,44.02482300065458,22.71445815886941,16407,448.62890625,448.91943359375,3866.0,544.8056640625,Qwen/Qwen2.5-1.5B,sdpa,NVIDIA GeForce RTX 3060,2.11.0+cu128,2026-09-03T06:31:53+00:00
full,0,65536,0,134.0581059921533,7.459451948832786,65540,1792.109375,1792.39990234375,7344.0,2176.1748046875,Qwen/Qwen2.5-1.5B,sdpa,NVIDIA GeForce RTX 3060,2.11.0+cu128,2026-09-03T06:31:54+00:00
full,0,65536,1,134.51214198721573,7.43427310892902,65541,1792.13671875,1792.42724609375,7344.0,2176.2080078125,Qwen/Qwen2.5-1.5B,sdpa,NVIDIA GeForce RTX 3060,2.11.0+cu128,2026-09-03T06:31:54+00:00
full,0,65536,2,134.2958869645372,7.446244427903177,65542,1792.1640625,1792.45458984375,7344.0,2176.2412109375,Qwen/Qwen2.5-1.5B,sdpa,NVIDIA GeForce RTX 3060,2.11.0+cu128,2026-09-03T06:31:54+00:00
full,0,65536,3,134.39920597011223,7.440520148775139,65543,1792.19140625,1792.48193359375,7344.0,2176.2744140625,Qwen/Qwen2.5-1.5B,sdpa,NVIDIA GeForce RTX 3060,2.11.0+cu128,2026-09-03T06:31:54+00:00
full,0,65536,4,134.12326201796532,7.4558282057444565,65544,1792.21875,1792.50927734375,7344.0,2176.3076171875,Qwen/Qwen2.5-1.5B,sdpa,NVIDIA GeForce RTX 3060,2.11.0+cu128,2026-09-03T06:31:54+00:00
full,0,65536,5,134.42388200201094,7.4391543013542805,65545,1792.24609375,1792.53662109375,7344.0,2176.3408203125,Qwen/Qwen2.5-1.5B,sdpa,NVIDIA GeForce RTX 3060,2.11.0+cu128,2026-09-03T06:31:54+00:00
full,0,65536,6,134.39288100926206,7.44087032356336,65546,1792.2734375,1792.56396484375,7344.0,2176.3740234375,Qwen/Qwen2.5-1.5B,sdpa,NVIDIA GeForce RTX 3060,2.11.0+cu128,2026-09-03T06:31:54+00:00
full,0,65536,7,134.48271597735584,7.4358997937577325,65547,1792.30078125,1792.59130859375,7344.0,2176.4072265625,Qwen/Qwen2.5-1.5B,sdpa,NVIDIA GeForce RTX 3060,2.11.0+cu128,2026-09-03T06:31:55+00:00
full,0,65536,8,133.94010800402611,7.466023545164985,65548,1792.328125,1792.61865234375,7344.0,2176.4404296875,Qwen/Qwen2.5-1.5B,sdpa,NVIDIA GeForce RTX 3060,2.11.0+cu128,2026-09-03T06:31:55+00:00
full,0,65536,9,134.51422896469012,7.434157766777961,65549,1792.35546875,1792.64599609375,7344.0,2176.4736328125,Qwen/Qwen2.5-1.5B,sdpa,NVIDIA GeForce RTX 3060,2.11.0+cu128,2026-09-03T06:31:55+00:00
full,0,65536,10,134.3512349994853,7.443176834242208,65550,1792.3828125,1792.67333984375,7344.0,2176.5068359375,Qwen/Qwen2.5-1.5B,sdpa,NVIDIA GeForce RTX 3060,2.11.0+cu128,2026-09-03T06:31:55+00:00
full,0,65536,11,134.56839899299666,7.4311651731254,65551,1792.41015625,1792.70068359375,7344.0,2176.5400390625,Qwen/Qwen2.5-1.5B,sdpa,NVIDIA GeForce RTX 3060,2.11.0+cu128,2026-09-03T06:31:55+00:00
full,0,65536,12,134.05578600941226,7.459581042848748,65552,1792.4375,1792.72802734375,7344.0,2176.5732421875,Qwen/Qwen2.5-1.5B,sdpa,NVIDIA GeForce RTX 3060,2.11.0+cu128,2026-09-03T06:31:55+00:00
full,0,65536,13,134.4692959683016,7.436641895081608,65553,1792.46484375,1792.75537109375,7344.0,2176.6064453125,Qwen/Qwen2.5-1.5B,sdpa,NVIDIA GeForce RTX 3060,2.11.0+cu128,2026-09-03T06:31:55+00:00
full,0,65536,14,134.31591202970594,7.445134272541256,65554,1792.4921875,1792.78271484375,7344.0,2176.6396484375,Qwen/Qwen2.5-1.5B,sdpa,NVIDIA GeForce RTX 3060,2.11.0+cu128,2026-09-03T06:31:56+00:00
full,0,65536,15,134.86389303579926,7.4148830905730465,65555,1792.51953125,1792.81005859375,7344.0,2176.6728515625,Qwen/Qwen2.5-1.5B,sdpa,NVIDIA GeForce RTX 3060,2.11.0+cu128,2026-09-03T06:31:56+00:00
full,0,65536,16,133.95385001786053,7.465257623178927,65556,1792.546875,1792.83740234375,7344.0,2176.7060546875,Qwen/Qwen2.5-1.5B,sdpa,NVIDIA GeForce RTX 3060,2.11.0+cu128,2026-09-03T06:31:56+00:00
full,0,65536,17,134.43275296594948,7.438663405586066,65557,1792.57421875,1792.86474609375,7344.0,2176.7392578125,Qwen/Qwen2.5-1.5B,sdpa,NVIDIA GeForce RTX 3060,2.11.0+cu128,2026-09-03T06:31:56+00:00
full,0,65536,18,134.31895402027294,7.444965658748866,65558,1792.6015625,1792.89208984375,7344.0,2176.7724609375,Qwen/Qwen2.5-1.5B,sdpa,NVIDIA GeForce RTX 3060,2.11.0+cu128,2026-09-03T06:31:56+00:00
full,0,65536,19,134.4447309966199,7.438000675721097,65559,1792.62890625,1792.91943359375,7344.0,2176.8056640625,Qwen/Qwen2.5-1.5B,sdpa,NVIDIA GeForce RTX 3060,2.11.0+cu128,2026-09-03T06:31:56+00:00
full,0,120000,0,233.6837420007214,4.279287859045466,120004,3281.359375,3281.64990234375,7280.0,3985.4013671875,Qwen/Qwen2.5-1.5B,sdpa,NVIDIA GeForce RTX 3060,2.11.0+cu128,2026-09-03T06:31:57+00:00
full,0,120000,1,234.6935219829902,4.26087602056812,120005,3281.38671875,3281.67724609375,7280.0,3985.4287109375,Qwen/Qwen2.5-1.5B,sdpa,NVIDIA GeForce RTX 3060,2.11.0+cu128,2026-09-03T06:31:58+00:00
full,0,120000,2,234.3676920281723,4.266799708382137,120006,3281.4140625,3281.70458984375,7280.0,3985.4560546875,Qwen/Qwen2.5-1.5B,sdpa,NVIDIA GeForce RTX 3060,2.11.0+cu128,2026-09-03T06:31:58+00:00
full,0,120000,3,234.62929599918425,4.262042366625337,120007,3281.44140625,3281.73193359375,7280.0,3985.4833984375,Qwen/Qwen2.5-1.5B,sdpa,NVIDIA GeForce RTX 3060,2.11.0+cu128,2026-09-03T06:31:58+00:00
full,0,120000,4,233.9018770144321,4.275297029524472,120008,3281.46875,3281.75927734375,7280.0,3985.5107421875,Qwen/Qwen2.5-1.5B,sdpa,NVIDIA GeForce RTX 3060,2.11.0+cu128,2026-09-03T06:31:58+00:00
full,0,120000,5,234.62686804123223,4.262086470950397,120009,3281.49609375,3281.78662109375,7280.0,3985.5380859375,Qwen/Qwen2.5-1.5B,sdpa,NVIDIA GeForce RTX 3060,2.11.0+cu128,2026-09-03T06:31:58+00:00
full,0,120000,6,234.38371997326612,4.266507930303607,120010,3281.5234375,3281.81396484375,7280.0,3985.5654296875,Qwen/Qwen2.5-1.5B,sdpa,NVIDIA GeForce RTX 3060,2.11.0+cu128,2026-09-03T06:31:59+00:00
full,0,120000,7,234.6260870108381,4.262100658712375,120011,3281.55078125,3281.84130859375,7280.0,3985.5927734375,Qwen/Qwen2.5-1.5B,sdpa,NVIDIA GeForce RTX 3060,2.11.0+cu128,2026-09-03T06:31:59+00:00
full,0,120000,8,233.7315310142003,4.278412911004486,120012,3281.578125,3281.86865234375,7280.0,3985.6201171875,Qwen/Qwen2.5-1.5B,sdpa,NVIDIA GeForce RTX 3060,2.11.0+cu128,2026-09-03T06:31:59+00:00
full,0,120000,9,234.63886004174128,4.261868642824569,120013,3281.60546875,3281.89599609375,7280.0,3985.6474609375,Qwen/Qwen2.5-1.5B,sdpa,NVIDIA GeForce RTX 3060,2.11.0+cu128,2026-09-03T06:31:59+00:00
full,0,120000,10,234.40747003769502,4.266075649548157,120014,3281.6328125,3281.92333984375,7280.0,3985.6748046875,Qwen/Qwen2.5-1.5B,sdpa,NVIDIA GeForce RTX 3060,2.11.0+cu128,2026-09-03T06:32:00+00:00
full,0,120000,11,234.7018379950896,4.260725048181864,120015,3281.66015625,3281.95068359375,7280.0,3985.7021484375,Qwen/Qwen2.5-1.5B,sdpa,NVIDIA GeForce RTX 3060,2.11.0+cu128,2026-09-03T06:32:00+00:00
full,0,120000,12,233.90338598983362,4.275269448401503,120016,3281.6875,3281.97802734375,7280.0,3985.7294921875,Qwen/Qwen2.5-1.5B,sdpa,NVIDIA GeForce RTX 3060,2.11.0+cu128,2026-09-03T06:32:00+00:00
full,0,120000,13,234.63824501959607,4.261879813823548,120017,3281.71484375,3282.00537109375,7280.0,3985.7568359375,Qwen/Qwen2.5-1.5B,sdpa,NVIDIA GeForce RTX 3060,2.11.0+cu128,2026-09-03T06:32:00+00:00
full,0,120000,14,234.38611096935347,4.266464407230821,120018,3281.7421875,3282.03271484375,7280.0,3985.7841796875,Qwen/Qwen2.5-1.5B,sdpa,NVIDIA GeForce RTX 3060,2.11.0+cu128,2026-09-03T06:32:01+00:00
full,0,120000,15,235.14072800753638,4.252772407713008,120019,3281.76953125,3282.06005859375,7280.0,3985.8115234375,Qwen/Qwen2.5-1.5B,sdpa,NVIDIA GeForce RTX 3060,2.11.0+cu128,2026-09-03T06:32:01+00:00
full,0,120000,16,233.74873801367357,4.278097963213402,120020,3281.796875,3282.08740234375,7280.0,3985.8388671875,Qwen/Qwen2.5-1.5B,sdpa,NVIDIA GeForce RTX 3060,2.11.0+cu128,2026-09-03T06:32:01+00:00
full,0,120000,17,234.63141097454354,4.262003948433382,120021,3281.82421875,3282.11474609375,7280.0,3985.8662109375,Qwen/Qwen2.5-1.5B,sdpa,NVIDIA GeForce RTX 3060,2.11.0+cu128,2026-09-03T06:32:01+00:00
full,0,120000,18,234.41603500396013,4.265919777984072,120022,3281.8515625,3282.14208984375,7280.0,3985.8935546875,Qwen/Qwen2.5-1.5B,sdpa,NVIDIA GeForce RTX 3060,2.11.0+cu128,2026-09-03T06:32:02+00:00
full,0,120000,19,234.66957500204444,4.261310823916087,120023,3281.87890625,3282.16943359375,7280.0,3985.9208984375,Qwen/Qwen2.5-1.5B,sdpa,NVIDIA GeForce RTX 3060,2.11.0+cu128,2026-09-03T06:32:02+00:00
sink_window,512,512,0,34.20185297727585,29.238181938984795,512,14.0,14.29052734375,3166.0,17.5634765625,Qwen/Qwen2.5-1.5B,sdpa,NVIDIA GeForce RTX 3060,2.11.0+cu128,2026-09-03T06:32:02+00:00
sink_window,512,512,1,34.47512199636549,29.006423823690145,512,14.0,14.29052734375,3166.0,17.5634765625,Qwen/Qwen2.5-1.5B,sdpa,NVIDIA GeForce RTX 3060,2.11.0+cu128,2026-09-03T06:32:02+00:00
sink_window,512,512,2,34.43323203828186,29.041711765199075,512,14.0,14.29052734375,3166.0,17.5634765625,Qwen/Qwen2.5-1.5B,sdpa,NVIDIA GeForce RTX 3060,2.11.0+cu128,2026-09-03T06:32:02+00:00
sink_window,512,512,3,34.290480019990355,29.16261304644989,512,14.0,14.29052734375,3166.0,17.5634765625,Qwen/Qwen2.5-1.5B,sdpa,NVIDIA GeForce RTX 3060,2.11.0+cu128,2026-09-03T06:32:02+00:00
sink_window,512,512,4,34.26912002032623,29.180790151800355,512,14.0,14.29052734375,3166.0,17.5634765625,Qwen/Qwen2.5-1.5B,sdpa,NVIDIA GeForce RTX 3060,2.11.0+cu128,2026-09-03T06:32:02+00:00
sink_window,512,512,5,34.155004017520696,29.278286703963612,512,14.0,14.29052734375,3166.0,17.5634765625,Qwen/Qwen2.5-1.5B,sdpa,NVIDIA GeForce RTX 3060,2.11.0+cu128,2026-09-03T06:32:02+00:00
sink_window,512,512,6,34.30726402439177,29.14834593889563,512,14.0,14.29052734375,3166.0,17.5634765625,Qwen/Qwen2.5-1.5B,sdpa,NVIDIA GeForce RTX 3060,2.11.0+cu128,2026-09-03T06:32:02+00:00
sink_window,512,512,7,34.55906704766676,28.93596631589378,512,14.0,14.29052734375,3166.0,17.5634765625,Qwen/Qwen2.5-1.5B,sdpa,NVIDIA GeForce RTX 3060,2.11.0+cu128,2026-09-03T06:32:02+00:00
sink_window,512,512,8,34.78241799166426,28.750157629629253,512,14.0,14.29052734375,3166.0,17.5634765625,Qwen/Qwen2.5-1.5B,sdpa,NVIDIA GeForce RTX 3060,2.11.0+cu128,2026-09-03T06:32:02+00:00
sink_window,512,512,9,34.15631200186908,29.27716551907825,512,14.0,14.29052734375,3166.0,17.5634765625,Qwen/Qwen2.5-1.5B,sdpa,NVIDIA GeForce RTX 3060,2.11.0+cu128,2026-09-03T06:32:02+00:00
sink_window,512,512,10,34.7505480167456,28.776524603816892,512,14.0,14.29052734375,3166.0,17.5634765625,Qwen/Qwen2.5-1.5B,sdpa,NVIDIA GeForce RTX 3060,2.11.0+cu128,2026-09-03T06:32:02+00:00
sink_window,512,512,11,34.09390395972878,29.33075664145665,512,14.0,14.29052734375,3166.0,17.5634765625,Qwen/Qwen2.5-1.5B,sdpa,NVIDIA GeForce RTX 3060,2.11.0+cu128,2026-09-03T06:32:02+00:00
sink_window,512,512,12,34.72759999567643,28.795540150327106,512,14.0,14.29052734375,3166.0,17.5634765625,Qwen/Qwen2.5-1.5B,sdpa,NVIDIA GeForce RTX 3060,2.11.0+cu128,2026-09-03T06:32:02+00:00
sink_window,512,512,13,34.11553299520165,29.312161124396038,512,14.0,14.29052734375,3166.0,17.5634765625,Qwen/Qwen2.5-1.5B,sdpa,NVIDIA GeForce RTX 3060,2.11.0+cu128,2026-09-03T06:32:02+00:00
sink_window,512,512,14,34.280672029126436,29.17095671725321,512,14.0,14.29052734375,3166.0,17.5634765625,Qwen/Qwen2.5-1.5B,sdpa,NVIDIA GeForce RTX 3060,2.11.0+cu128,2026-09-03T06:32:03+00:00
sink_window,512,512,15,34.51200999552384,28.97542044435252,512,14.0,14.29052734375,3166.0,17.5634765625,Qwen/Qwen2.5-1.5B,sdpa,NVIDIA GeForce RTX 3060,2.11.0+cu128,2026-09-03T06:32:03+00:00
sink_window,512,512,16,34.22465600306168,29.218701275201763,512,14.0,14.29052734375,3166.0,17.5634765625,Qwen/Qwen2.5-1.5B,sdpa,NVIDIA GeForce RTX 3060,2.11.0+cu128,2026-09-03T06:32:03+00:00
sink_window,512,512,17,34.778363013174385,28.753509750335006,512,14.0,14.29052734375,3166.0,17.5634765625,Qwen/Qwen2.5-1.5B,sdpa,NVIDIA GeForce RTX 3060,2.11.0+cu128,2026-09-03T06:32:03+00:00
sink_window,512,512,18,34.77789997123182,28.753892581990208,512,14.0,14.29052734375,3166.0,17.5634765625,Qwen/Qwen2.5-1.5B,sdpa,NVIDIA GeForce RTX 3060,2.11.0+cu128,2026-09-03T06:32:03+00:00
sink_window,512,512,19,34.200046968180686,29.239725925826594,512,14.0,14.29052734375,3166.0,17.5634765625,Qwen/Qwen2.5-1.5B,sdpa,NVIDIA GeForce RTX 3060,2.11.0+cu128,2026-09-03T06:32:03+00:00
sink_window,512,4096,0,34.60464102681726,28.897857926774577,512,14.0,14.29052734375,3166.0,17.5634765625,Qwen/Qwen2.5-1.5B,sdpa,NVIDIA GeForce RTX 3060,2.11.0+cu128,2026-09-03T06:32:03+00:00
sink_window,512,4096,1,34.48838199255988,28.99527151536794,512,14.0,14.29052734375,3166.0,17.5634765625,Qwen/Qwen2.5-1.5B,sdpa,NVIDIA GeForce RTX 3060,2.11.0+cu128,2026-09-03T06:32:03+00:00
sink_window,512,4096,2,34.00296298786998,29.40920179093611,512,14.0,14.29052734375,3166.0,17.5634765625,Qwen/Qwen2.5-1.5B,sdpa,NVIDIA GeForce RTX 3060,2.11.0+cu128,2026-09-03T06:32:03+00:00
sink_window,512,4096,3,34.225721028633416,29.21779205654703,512,14.0,14.29052734375,3166.0,17.5634765625,Qwen/Qwen2.5-1.5B,sdpa,NVIDIA GeForce RTX 3060,2.11.0+cu128,2026-09-03T06:32:03+00:00
sink_window,512,4096,4,35.3803220205009,28.264298991415526,512,14.0,14.29052734375,3166.0,17.5634765625,Qwen/Qwen2.5-1.5B,sdpa,NVIDIA GeForce RTX 3060,2.11.0+cu128,2026-09-03T06:32:03+00:00
sink_window,512,4096,5,34.64253497077152,28.866247832143824,512,14.0,14.29052734375,3166.0,17.5634765625,Qwen/Qwen2.5-1.5B,sdpa,NVIDIA GeForce RTX 3060,2.11.0+cu128,2026-09-03T06:32:03+00:00
sink_window,512,4096,6,34.07475299900398,29.347241344030596,512,14.0,14.29052734375,3166.0,17.5634765625,Qwen/Qwen2.5-1.5B,sdpa,NVIDIA GeForce RTX 3060,2.11.0+cu128,2026-09-03T06:32:03+00:00
sink_window,512,4096,7,34.059454046655446,29.360423647137043,512,14.0,14.29052734375,3166.0,17.5634765625,Qwen/Qwen2.5-1.5B,sdpa,NVIDIA GeForce RTX 3060,2.11.0+cu128,2026-09-03T06:32:03+00:00
sink_window,512,4096,8,33.94404303980991,29.460250177835032,512,14.0,14.29052734375,3166.0,17.5634765625,Qwen/Qwen2.5-1.5B,sdpa,NVIDIA GeForce RTX 3060,2.11.0+cu128,2026-09-03T06:32:03+00:00
sink_window,512,4096,9,34.004255023319274,29.4080843504504,512,14.0,14.29052734375,3166.0,17.5634765625,Qwen/Qwen2.5-1.5B,sdpa,NVIDIA GeForce RTX 3060,2.11.0+cu128,2026-09-03T06:32:03+00:00
sink_window,512,4096,10,34.110609034541994,29.316392415842042,512,14.0,14.29052734375,3166.0,17.5634765625,Qwen/Qwen2.5-1.5B,sdpa,NVIDIA GeForce RTX 3060,2.11.0+cu128,2026-09-03T06:32:03+00:00
sink_window,512,4096,11,34.42848700797185,29.045714375088625,512,14.0,14.29052734375,3166.0,17.5634765625,Qwen/Qwen2.5-1.5B,sdpa,NVIDIA GeForce RTX 3060,2.11.0+cu128,2026-09-03T06:32:03+00:00
sink_window,512,4096,12,34.41686101723462,29.055525996378314,512,14.0,14.29052734375,3166.0,17.5634765625,Qwen/Qwen2.5-1.5B,sdpa,NVIDIA GeForce RTX 3060,2.11.0+cu128,2026-09-03T06:32:03+00:00
sink_window,512,4096,13,34.26037199096754,29.188241162811703,512,14.0,14.29052734375,3166.0,17.5634765625,Qwen/Qwen2.5-1.5B,sdpa,NVIDIA GeForce RTX 3060,2.11.0+cu128,2026-09-03T06:32:03+00:00
sink_window,512,4096,14,34.56338599789888,28.932350553293315,512,14.0,14.29052734375,3166.0,17.5634765625,Qwen/Qwen2.5-1.5B,sdpa,NVIDIA GeForce RTX 3060,2.11.0+cu128,2026-09-03T06:32:03+00:00
sink_window,512,4096,15,34.79474497726187,28.73997210364649,512,14.0,14.29052734375,3166.0,17.5634765625,Qwen/Qwen2.5-1.5B,sdpa,NVIDIA GeForce RTX 3060,2.11.0+cu128,2026-09-03T06:32:03+00:00
sink_window,512,4096,16,34.11056398181245,29.316431136500533,512,14.0,14.29052734375,3166.0,17.5634765625,Qwen/Qwen2.5-1.5B,sdpa,NVIDIA GeForce RTX 3060,2.11.0+cu128,2026-09-03T06:32:03+00:00
sink_window,512,4096,17,34.1952700400725,29.243810586321658,512,14.0,14.29052734375,3166.0,17.5634765625,Qwen/Qwen2.5-1.5B,sdpa,NVIDIA GeForce RTX 3060,2.11.0+cu128,2026-09-03T06:32:03+00:00
sink_window,512,4096,18,34.062216989696026,29.358042088173665,512,14.0,14.29052734375,3166.0,17.5634765625,Qwen/Qwen2.5-1.5B,sdpa,NVIDIA GeForce RTX 3060,2.11.0+cu128,2026-09-03T06:32:04+00:00
sink_window,512,4096,19,34.31088995421305,29.145265579950642,512,14.0,14.29052734375,3166.0,17.5634765625,Qwen/Qwen2.5-1.5B,sdpa,NVIDIA GeForce RTX 3060,2.11.0+cu128,2026-09-03T06:32:04+00:00
sink_window,512,16384,0,34.439980052411556,29.036021463374162,512,14.0,14.29052734375,3166.0,17.5634765625,Qwen/Qwen2.5-1.5B,sdpa,NVIDIA GeForce RTX 3060,2.11.0+cu128,2026-09-03T06:32:04+00:00
sink_window,512,16384,1,34.62138900067657,28.883878690726647,512,14.0,14.29052734375,3166.0,17.5634765625,Qwen/Qwen2.5-1.5B,sdpa,NVIDIA GeForce RTX 3060,2.11.0+cu128,2026-09-03T06:32:04+00:00
sink_window,512,16384,2,34.13280699169263,29.297326769620316,512,14.0,14.29052734375,3166.0,17.5634765625,Qwen/Qwen2.5-1.5B,sdpa,NVIDIA GeForce RTX 3060,2.11.0+cu128,2026-09-03T06:32:04+00:00
sink_window,512,16384,3,34.327925997786224,29.13080155394442,512,14.0,14.29052734375,3166.0,17.5634765625,Qwen/Qwen2.5-1.5B,sdpa,NVIDIA GeForce RTX 3060,2.11.0+cu128,2026-09-03T06:32:04+00:00
sink_window,512,16384,4,34.387603984214365,29.080246488212733,512,14.0,14.29052734375,3166.0,17.5634765625,Qwen/Qwen2.5-1.5B,sdpa,NVIDIA GeForce RTX 3060,2.11.0+cu128,2026-09-03T06:32:04+00:00
sink_window,512,16384,5,33.9690109831281,29.43859626930808,512,14.0,14.29052734375,3166.0,17.5634765625,Qwen/Qwen2.5-1.5B,sdpa,NVIDIA GeForce RTX 3060,2.11.0+cu128,2026-09-03T06:32:04+00:00
sink_window,512,16384,6,34.39841599902138,29.07110606571098,512,14.0,14.29052734375,3166.0,17.5634765625,Qwen/Qwen2.5-1.5B,sdpa,NVIDIA GeForce RTX 3060,2.11.0+cu128,2026-09-03T06:32:04+00:00
sink_window,512,16384,7,34.196446009445935,29.24280493135966,512,14.0,14.29052734375,3166.0,17.5634765625,Qwen/Qwen2.5-1.5B,sdpa,NVIDIA GeForce RTX 3060,2.11.0+cu128,2026-09-03T06:32:04+00:00
sink_window,512,16384,8,34.1694540111348,29.26590514657126,512,14.0,14.29052734375,3166.0,17.5634765625,Qwen/Qwen2.5-1.5B,sdpa,NVIDIA GeForce RTX 3060,2.11.0+cu128,2026-09-03T06:32:04+00:00
sink_window,512,16384,9,34.197275002952665,29.242096041677527,512,14.0,14.29052734375,3166.0,17.5634765625,Qwen/Qwen2.5-1.5B,sdpa,NVIDIA GeForce RTX 3060,2.11.0+cu128,2026-09-03T06:32:04+00:00
sink_window,512,16384,10,34.123239980544895,29.305540756684955,512,14.0,14.29052734375,3166.0,17.5634765625,Qwen/Qwen2.5-1.5B,sdpa,NVIDIA GeForce RTX 3060,2.11.0+cu128,2026-09-03T06:32:04+00:00
sink_window,512,16384,11,34.10280600655824,29.32310026945267,512,14.0,14.29052734375,3166.0,17.5634765625,Qwen/Qwen2.5-1.5B,sdpa,NVIDIA GeForce RTX 3060,2.11.0+cu128,2026-09-03T06:32:04+00:00
sink_window,512,16384,12,34.10226700361818,29.323563735334723,512,14.0,14.29052734375,3166.0,17.5634765625,Qwen/Qwen2.5-1.5B,sdpa,NVIDIA GeForce RTX 3060,2.11.0+cu128,2026-09-03T06:32:04+00:00
sink_window,512,16384,13,34.34117400320247,29.119563585879316,512,14.0,14.29052734375,3166.0,17.5634765625,Qwen/Qwen2.5-1.5B,sdpa,NVIDIA GeForce RTX 3060,2.11.0+cu128,2026-09-03T06:32:04+00:00
sink_window,512,16384,14,35.23741604294628,28.378925366753077,512,14.0,14.29052734375,3166.0,17.5634765625,Qwen/Qwen2.5-1.5B,sdpa,NVIDIA GeForce RTX 3060,2.11.0+cu128,2026-09-03T06:32:04+00:00
sink_window,512,16384,15,35.18844902282581,28.41841649091515,512,14.0,14.29052734375,3166.0,17.5634765625,Qwen/Qwen2.5-1.5B,sdpa,NVIDIA GeForce RTX 3060,2.11.0+cu128,2026-09-03T06:32:04+00:00
sink_window,512,16384,16,36.71859996393323,27.234153834357738,512,14.0,14.29052734375,3166.0,17.5634765625,Qwen/Qwen2.5-1.5B,sdpa,NVIDIA GeForce RTX 3060,2.11.0+cu128,2026-09-03T06:32:04+00:00
sink_window,512,16384,17,36.12162097124383,27.684250404933184,512,14.0,14.29052734375,3166.0,17.5634765625,Qwen/Qwen2.5-1.5B,sdpa,NVIDIA GeForce RTX 3060,2.11.0+cu128,2026-09-03T06:32:04+00:00
sink_window,512,16384,18,34.66186102014035,28.850153181877563,512,14.0,14.29052734375,3166.0,17.5634765625,Qwen/Qwen2.5-1.5B,sdpa,NVIDIA GeForce RTX 3060,2.11.0+cu128,2026-09-03T06:32:04+00:00
sink_window,512,16384,19,34.4488259870559,29.028565454618068,512,14.0,14.29052734375,3166.0,17.5634765625,Qwen/Qwen2.5-1.5B,sdpa,NVIDIA GeForce RTX 3060,2.11.0+cu128,2026-09-03T06:32:04+00:00
sink_window,512,65536,0,34.763756033498794,28.765591354294035,512,14.0,14.29052734375,3166.0,17.5634765625,Qwen/Qwen2.5-1.5B,sdpa,NVIDIA GeForce RTX 3060,2.11.0+cu128,2026-09-03T06:32:05+00:00
sink_window,512,65536,1,34.61980097927153,28.885203603531576,512,14.0,14.29052734375,3166.0,17.5634765625,Qwen/Qwen2.5-1.5B,sdpa,NVIDIA GeForce RTX 3060,2.11.0+cu128,2026-09-03T06:32:05+00:00
sink_window,512,65536,2,35.52539896918461,28.148874580336695,512,14.0,14.29052734375,3166.0,17.5634765625,Qwen/Qwen2.5-1.5B,sdpa,NVIDIA GeForce RTX 3060,2.11.0+cu128,2026-09-03T06:32:05+00:00
sink_window,512,65536,3,34.81533599551767,28.722974269981073,512,14.0,14.29052734375,3166.0,17.5634765625,Qwen/Qwen2.5-1.5B,sdpa,NVIDIA GeForce RTX 3060,2.11.0+cu128,2026-09-03T06:32:05+00:00
sink_window,512,65536,4,34.45155097870156,29.026269401288037,512,14.0,14.29052734375,3166.0,17.5634765625,Qwen/Qwen2.5-1.5B,sdpa,NVIDIA GeForce RTX 3060,2.11.0+cu128,2026-09-03T06:32:05+00:00
sink_window,512,65536,5,34.27265299251303,29.17778207069214,512,14.0,14.29052734375,3166.0,17.5634765625,Qwen/Qwen2.5-1.5B,sdpa,NVIDIA GeForce RTX 3060,2.11.0+cu128,2026-09-03T06:32:05+00:00
sink_window,512,65536,6,34.45327503141016,29.02481691764646,512,14.0,14.29052734375,3166.0,17.5634765625,Qwen/Qwen2.5-1.5B,sdpa,NVIDIA GeForce RTX 3060,2.11.0+cu128,2026-09-03T06:32:05+00:00
sink_window,512,65536,7,34.389340959023684,29.07877767100978,512,14.0,14.29052734375,3166.0,17.5634765625,Qwen/Qwen2.5-1.5B,sdpa,NVIDIA GeForce RTX 3060,2.11.0+cu128,2026-09-03T06:32:05+00:00
sink_window,512,65536,8,34.323247033171356,29.134772681429588,512,14.0,14.29052734375,3166.0,17.5634765625,Qwen/Qwen2.5-1.5B,sdpa,NVIDIA GeForce RTX 3060,2.11.0+cu128,2026-09-03T06:32:05+00:00
sink_window,512,65536,9,34.08136795042083,29.341545252958436,512,14.0,14.29052734375,3166.0,17.5634765625,Qwen/Qwen2.5-1.5B,sdpa,NVIDIA GeForce RTX 3060,2.11.0+cu128,2026-09-03T06:32:05+00:00
sink_window,512,65536,10,34.152615000493824,29.280334755787827,512,14.0,14.29052734375,3166.0,17.5634765625,Qwen/Qwen2.5-1.5B,sdpa,NVIDIA GeForce RTX 3060,2.11.0+cu128,2026-09-03T06:32:05+00:00
sink_window,512,65536,11,34.488837991375476,28.99488815048124,512,14.0,14.29052734375,3166.0,17.5634765625,Qwen/Qwen2.5-1.5B,sdpa,NVIDIA GeForce RTX 3060,2.11.0+cu128,2026-09-03T06:32:05+00:00
sink_window,512,65536,12,34.31852796347812,29.138778943671564,512,14.0,14.29052734375,3166.0,17.5634765625,Qwen/Qwen2.5-1.5B,sdpa,NVIDIA GeForce RTX 3060,2.11.0+cu128,2026-09-03T06:32:05+00:00
sink_window,512,65536,13,34.47954700095579,29.002701223779983,512,14.0,14.29052734375,3166.0,17.5634765625,Qwen/Qwen2.5-1.5B,sdpa,NVIDIA GeForce RTX 3060,2.11.0+cu128,2026-09-03T06:32:05+00:00
sink_window,512,65536,14,34.04464398045093,29.373195988603044,512,14.0,14.29052734375,3166.0,17.5634765625,Qwen/Qwen2.5-1.5B,sdpa,NVIDIA GeForce RTX 3060,2.11.0+cu128,2026-09-03T06:32:05+00:00
sink_window,512,65536,15,34.42029096186161,29.05263064475604,512,14.0,14.29052734375,3166.0,17.5634765625,Qwen/Qwen2.5-1.5B,sdpa,NVIDIA GeForce RTX 3060,2.11.0+cu128,2026-09-03T06:32:05+00:00
sink_window,512,65536,16,34.07851397059858,29.344002524956206,512,14.0,14.29052734375,3166.0,17.5634765625,Qwen/Qwen2.5-1.5B,sdpa,NVIDIA GeForce RTX 3060,2.11.0+cu128,2026-09-03T06:32:05+00:00
sink_window,512,65536,17,34.11898302147165,29.30919715193982,512,14.0,14.29052734375,3166.0,17.5634765625,Qwen/Qwen2.5-1.5B,sdpa,NVIDIA GeForce RTX 3060,2.11.0+cu128,2026-09-03T06:32:05+00:00
sink_window,512,65536,18,34.25111895194277,29.196126450732454,512,14.0,14.29052734375,3166.0,17.5634765625,Qwen/Qwen2.5-1.5B,sdpa,NVIDIA GeForce RTX 3060,2.11.0+cu128,2026-09-03T06:32:05+00:00
sink_window,512,65536,19,34.455298038665205,29.023112755484377,512,14.0,14.29052734375,3166.0,17.5634765625,Qwen/Qwen2.5-1.5B,sdpa,NVIDIA GeForce RTX 3060,2.11.0+cu128,2026-09-03T06:32:05+00:00
sink_window,512,120000,0,34.39487796276808,29.074096471064223,512,14.0,14.29052734375,3166.0,17.5634765625,Qwen/Qwen2.5-1.5B,sdpa,NVIDIA GeForce RTX 3060,2.11.0+cu128,2026-09-03T06:32:05+00:00
sink_window,512,120000,1,34.05679197749123,29.362718621910094,512,14.0,14.29052734375,3166.0,17.5634765625,Qwen/Qwen2.5-1.5B,sdpa,NVIDIA GeForce RTX 3060,2.11.0+cu128,2026-09-03T06:32:06+00:00
sink_window,512,120000,2,33.97062502335757,29.43719755855003,512,14.0,14.29052734375,3166.0,17.5634765625,Qwen/Qwen2.5-1.5B,sdpa,NVIDIA GeForce RTX 3060,2.11.0+cu128,2026-09-03T06:32:06+00:00
sink_window,512,120000,3,34.022858017124236,29.392004619267563,512,14.0,14.29052734375,3166.0,17.5634765625,Qwen/Qwen2.5-1.5B,sdpa,NVIDIA GeForce RTX 3060,2.11.0+cu128,2026-09-03T06:32:06+00:00
sink_window,512,120000,4,34.24268699018285,29.203315741159372,512,14.0,14.29052734375,3166.0,17.5634765625,Qwen/Qwen2.5-1.5B,sdpa,NVIDIA GeForce RTX 3060,2.11.0+cu128,2026-09-03T06:32:06+00:00
sink_window,512,120000,5,34.38993595773354,29.078274563495427,512,14.0,14.29052734375,3166.0,17.5634765625,Qwen/Qwen2.5-1.5B,sdpa,NVIDIA GeForce RTX 3060,2.11.0+cu128,2026-09-03T06:32:06+00:00
sink_window,512,120000,6,34.18311901623383,29.254205841342102,512,14.0,14.29052734375,3166.0,17.5634765625,Qwen/Qwen2.5-1.5B,sdpa,NVIDIA GeForce RTX 3060,2.11.0+cu128,2026-09-03T06:32:06+00:00
sink_window,512,120000,7,34.299653954803944,29.15481308696824,512,14.0,14.29052734375,3166.0,17.5634765625,Qwen/Qwen2.5-1.5B,sdpa,NVIDIA GeForce RTX 3060,2.11.0+cu128,2026-09-03T06:32:06+00:00
sink_window,512,120000,8,34.43340299418196,29.04156757811492,512,14.0,14.29052734375,3166.0,17.5634765625,Qwen/Qwen2.5-1.5B,sdpa,NVIDIA GeForce RTX 3060,2.11.0+cu128,2026-09-03T06:32:06+00:00
sink_window,512,120000,9,34.28726299898699,29.165349244398563,512,14.0,14.29052734375,3166.0,17.5634765625,Qwen/Qwen2.5-1.5B,sdpa,NVIDIA GeForce RTX 3060,2.11.0+cu128,2026-09-03T06:32:06+00:00
sink_window,512,120000,10,34.55200995085761,28.94187636037015,512,14.0,14.29052734375,3166.0,17.5634765625,Qwen/Qwen2.5-1.5B,sdpa,NVIDIA GeForce RTX 3060,2.11.0+cu128,2026-09-03T06:32:06+00:00
sink_window,512,120000,11,34.51809199759737,28.970315047239723,512,14.0,14.29052734375,3166.0,17.5634765625,Qwen/Qwen2.5-1.5B,sdpa,NVIDIA GeForce RTX 3060,2.11.0+cu128,2026-09-03T06:32:06+00:00
sink_window,512,120000,12,34.376293013338,29.089814879457773,512,14.0,14.29052734375,3166.0,17.5634765625,Qwen/Qwen2.5-1.5B,sdpa,NVIDIA GeForce RTX 3060,2.11.0+cu128,2026-09-03T06:32:06+00:00
sink_window,512,120000,13,34.02968402951956,29.38610887872291,512,14.0,14.29052734375,3166.0,17.5634765625,Qwen/Qwen2.5-1.5B,sdpa,NVIDIA GeForce RTX 3060,2.11.0+cu128,2026-09-03T06:32:06+00:00
sink_window,512,120000,14,34.15653499541804,29.276974380865795,512,14.0,14.29052734375,3166.0,17.5634765625,Qwen/Qwen2.5-1.5B,sdpa,NVIDIA GeForce RTX 3060,2.11.0+cu128,2026-09-03T06:32:06+00:00
sink_window,512,120000,15,34.77894503157586,28.75302856633801,512,14.0,14.29052734375,3166.0,17.5634765625,Qwen/Qwen2.5-1.5B,sdpa,NVIDIA GeForce RTX 3060,2.11.0+cu128,2026-09-03T06:32:06+00:00
sink_window,512,120000,16,34.33696099091321,29.12313644368923,512,14.0,14.29052734375,3166.0,17.5634765625,Qwen/Qwen2.5-1.5B,sdpa,NVIDIA GeForce RTX 3060,2.11.0+cu128,2026-09-03T06:32:06+00:00
sink_window,512,120000,17,34.266947011929005,29.182640626020174,512,14.0,14.29052734375,3166.0,17.5634765625,Qwen/Qwen2.5-1.5B,sdpa,NVIDIA GeForce RTX 3060,2.11.0+cu128,2026-09-03T06:32:06+00:00
sink_window,512,120000,18,33.9831979945302,29.426306498904427,512,14.0,14.29052734375,3166.0,17.5634765625,Qwen/Qwen2.5-1.5B,sdpa,NVIDIA GeForce RTX 3060,2.11.0+cu128,2026-09-03T06:32:06+00:00
sink_window,512,120000,19,33.96184602752328,29.444806951588625,512,14.0,14.29052734375,3166.0,17.5634765625,Qwen/Qwen2.5-1.5B,sdpa,NVIDIA GeForce RTX 3060,2.11.0+cu128,2026-09-03T06:32:06+00:00
sink_window,2048,512,0,33.84186601033434,29.549198016877334,516,14.109375,14.39990234375,3164.0,17.6455078125,Qwen/Qwen2.5-1.5B,sdpa,NVIDIA GeForce RTX 3060,2.11.0+cu128,2026-09-03T06:32:06+00:00
sink_window,2048,512,1,33.98669901071116,29.42327525497085,517,14.13671875,14.42724609375,3164.0,17.6728515625,Qwen/Qwen2.5-1.5B,sdpa,NVIDIA GeForce RTX 3060,2.11.0+cu128,2026-09-03T06:32:06+00:00
sink_window,2048,512,2,33.79761497490108,29.58788662284673,518,14.1640625,14.45458984375,3164.0,17.7001953125,Qwen/Qwen2.5-1.5B,sdpa,NVIDIA GeForce RTX 3060,2.11.0+cu128,2026-09-03T06:32:06+00:00
sink_window,2048,512,3,34.033407049719244,29.3828942409176,519,14.19140625,14.48193359375,3164.0,17.7275390625,Qwen/Qwen2.5-1.5B,sdpa,NVIDIA GeForce RTX 3060,2.11.0+cu128,2026-09-03T06:32:06+00:00
sink_window,2048,512,4,34.28542200708762,29.166915308590223,520,14.21875,14.50927734375,3164.0,17.7548828125,Qwen/Qwen2.5-1.5B,sdpa,NVIDIA GeForce RTX 3060,2.11.0+cu128,2026-09-03T06:32:06+00:00
sink_window,2048,512,5,33.59433001605794,29.766927916764658,521,14.24609375,14.53662109375,3164.0,17.7822265625,Qwen/Qwen2.5-1.5B,sdpa,NVIDIA GeForce RTX 3060,2.11.0+cu128,2026-09-03T06:32:07+00:00
sink_window,2048,512,6,34.47412000969052,29.0072668923501,522,14.2734375,14.56396484375,3164.0,17.8095703125,Qwen/Qwen2.5-1.5B,sdpa,NVIDIA GeForce RTX 3060,2.11.0+cu128,2026-09-03T06:32:07+00:00
sink_window,2048,512,7,33.80656900117174,29.580049959087535,523,14.30078125,14.59130859375,3164.0,17.8369140625,Qwen/Qwen2.5-1.5B,sdpa,NVIDIA GeForce RTX 3060,2.11.0+cu128,2026-09-03T06:32:07+00:00
sink_window,2048,512,8,33.600482041947544,29.761477789264426,524,14.328125,14.61865234375,3164.0,17.8642578125,Qwen/Qwen2.5-1.5B,sdpa,NVIDIA GeForce RTX 3060,2.11.0+cu128,2026-09-03T06:32:07+00:00
sink_window,2048,512,9,33.95922499476001,29.44707955362063,525,14.35546875,14.64599609375,3166.0,17.8916015625,Qwen/Qwen2.5-1.5B,sdpa,NVIDIA GeForce RTX 3060,2.11.0+cu128,2026-09-03T06:32:07+00:00
sink_window,2048,512,10,33.81812700536102,29.56994040035023,526,14.3828125,14.67333984375,3166.0,17.9189453125,Qwen/Qwen2.5-1.5B,sdpa,NVIDIA GeForce RTX 3060,2.11.0+cu128,2026-09-03T06:32:07+00:00
sink_window,2048,512,11,34.21779104974121,29.22456328482265,527,14.41015625,14.70068359375,3166.0,17.9462890625,Qwen/Qwen2.5-1.5B,sdpa,NVIDIA GeForce RTX 3060,2.11.0+cu128,2026-09-03T06:32:07+00:00
sink_window,2048,512,12,33.89472101116553,29.503119369844704,528,14.4375,14.72802734375,3166.0,17.9736328125,Qwen/Qwen2.5-1.5B,sdpa,NVIDIA GeForce RTX 3060,2.11.0+cu128,2026-09-03T06:32:07+00:00
sink_window,2048,512,13,33.85910904034972,29.534149844530916,529,14.46484375,14.75537109375,3166.0,18.0009765625,Qwen/Qwen2.5-1.5B,sdpa,NVIDIA GeForce RTX 3060,2.11.0+cu128,2026-09-03T06:32:07+00:00
sink_window,2048,512,14,33.75156602123752,29.628254859960254,530,14.4921875,14.78271484375,3166.0,18.0283203125,Qwen/Qwen2.5-1.5B,sdpa,NVIDIA GeForce RTX 3060,2.11.0+cu128,2026-09-03T06:32:07+00:00
sink_window,2048,512,15,34.67985603492707,28.835183138963192,531,14.51953125,14.81005859375,3166.0,18.0556640625,Qwen/Qwen2.5-1.5B,sdpa,NVIDIA GeForce RTX 3060,2.11.0+cu128,2026-09-03T06:32:07+00:00
sink_window,2048,512,16,34.04150198912248,29.375907100677786,532,14.546875,14.83740234375,3166.0,18.0830078125,Qwen/Qwen2.5-1.5B,sdpa,NVIDIA GeForce RTX 3060,2.11.0+cu128,2026-09-03T06:32:07+00:00
sink_window,2048,512,17,33.66659698076546,29.703031778689247,533,14.57421875,14.86474609375,3166.0,18.1103515625,Qwen/Qwen2.5-1.5B,sdpa,NVIDIA GeForce RTX 3060,2.11.0+cu128,2026-09-03T06:32:07+00:00
sink_window,2048,512,18,34.382488986011595,29.08457268485847,534,14.6015625,14.89208984375,3166.0,18.1376953125,Qwen/Qwen2.5-1.5B,sdpa,NVIDIA GeForce RTX 3060,2.11.0+cu128,2026-09-03T06:32:07+00:00
sink_window,2048,512,19,34.67472200281918,28.8394525533239,535,14.62890625,14.91943359375,3166.0,18.1650390625,Qwen/Qwen2.5-1.5B,sdpa,NVIDIA GeForce RTX 3060,2.11.0+cu128,2026-09-03T06:32:07+00:00
sink_window,2048,4096,0,34.52172101242468,28.96726961092383,2048,56.0,56.29052734375,3232.0,110.0478515625,Qwen/Qwen2.5-1.5B,sdpa,NVIDIA GeForce RTX 3060,2.11.0+cu128,2026-09-03T06:32:07+00:00
sink_window,2048,4096,1,34.84913497231901,28.69511684563503,2048,56.0,56.29052734375,3232.0,110.0478515625,Qwen/Qwen2.5-1.5B,sdpa,NVIDIA GeForce RTX 3060,2.11.0+cu128,2026-09-03T06:32:07+00:00
sink_window,2048,4096,2,34.979660995304585,28.588041494576885,2048,56.0,56.29052734375,3232.0,110.0478515625,Qwen/Qwen2.5-1.5B,sdpa,NVIDIA GeForce RTX 3060,2.11.0+cu128,2026-09-03T06:32:07+00:00
sink_window,2048,4096,3,34.703584969975054,28.815466784344697,2048,56.0,56.29052734375,3232.0,110.0478515625,Qwen/Qwen2.5-1.5B,sdpa,NVIDIA GeForce RTX 3060,2.11.0+cu128,2026-09-03T06:32:07+00:00
sink_window,2048,4096,4,34.79643102036789,28.73857952313143,2048,56.0,56.29052734375,3232.0,110.0478515625,Qwen/Qwen2.5-1.5B,sdpa,NVIDIA GeForce RTX 3060,2.11.0+cu128,2026-09-03T06:32:07+00:00
sink_window,2048,4096,5,34.89362698746845,28.658528400018024,2048,56.0,56.29052734375,3232.0,110.0478515625,Qwen/Qwen2.5-1.5B,sdpa,NVIDIA GeForce RTX 3060,2.11.0+cu128,2026-09-03T06:32:07+00:00
sink_window,2048,4096,6,34.58685299847275,28.912720103333974,2048,56.0,56.29052734375,3232.0,110.0478515625,Qwen/Qwen2.5-1.5B,sdpa,NVIDIA GeForce RTX 3060,2.11.0+cu128,2026-09-03T06:32:07+00:00
sink_window,2048,4096,7,34.69714097445831,28.820818428127335,2048,56.0,56.29052734375,3232.0,110.0478515625,Qwen/Qwen2.5-1.5B,sdpa,NVIDIA GeForce RTX 3060,2.11.0+cu128,2026-09-03T06:32:07+00:00
sink_window,2048,4096,8,34.84629996819422,28.697451405536455,2048,56.0,56.29052734375,3232.0,110.0478515625,Qwen/Qwen2.5-1.5B,sdpa,NVIDIA GeForce RTX 3060,2.11.0+cu128,2026-09-03T06:32:07+00:00
sink_window,2048,4096,9,34.83654197771102,28.705489788275084,2048,56.0,56.29052734375,3232.0,110.0478515625,Qwen/Qwen2.5-1.5B,sdpa,NVIDIA GeForce RTX 3060,2.11.0+cu128,2026-09-03T06:32:08+00:00
sink_window,2048,4096,10,34.35857099248096,29.104819295856053,2048,56.0,56.29052734375,3232.0,110.0478515625,Qwen/Qwen2.5-1.5B,sdpa,NVIDIA GeForce RTX 3060,2.11.0+cu128,2026-09-03T06:32:08+00:00
sink_window,2048,4096,11,34.67767097754404,28.837000058266963,2048,56.0,56.29052734375,3232.0,110.0478515625,Qwen/Qwen2.5-1.5B,sdpa,NVIDIA GeForce RTX 3060,2.11.0+cu128,2026-09-03T06:32:08+00:00
sink_window,2048,4096,12,34.52984301839024,28.96045601676817,2048,56.0,56.29052734375,3232.0,110.0478515625,Qwen/Qwen2.5-1.5B,sdpa,NVIDIA GeForce RTX 3060,2.11.0+cu128,2026-09-03T06:32:08+00:00
sink_window,2048,4096,13,34.48752599069849,28.99599119605467,2048,56.0,56.29052734375,3232.0,110.0478515625,Qwen/Qwen2.5-1.5B,sdpa,NVIDIA GeForce RTX 3060,2.11.0+cu128,2026-09-03T06:32:08+00:00
sink_window,2048,4096,14,34.55957805272192,28.935538462722633,2048,56.0,56.29052734375,3232.0,110.0478515625,Qwen/Qwen2.5-1.5B,sdpa,NVIDIA GeForce RTX 3060,2.11.0+cu128,2026-09-03T06:32:08+00:00
sink_window,2048,4096,15,35.13177396962419,28.4642614649811,2048,56.0,56.29052734375,3232.0,110.0478515625,Qwen/Qwen2.5-1.5B,sdpa,NVIDIA GeForce RTX 3060,2.11.0+cu128,2026-09-03T06:32:08+00:00
sink_window,2048,4096,16,34.4851539703086,28.997985650897505,2048,56.0,56.29052734375,3232.0,110.0478515625,Qwen/Qwen2.5-1.5B,sdpa,NVIDIA GeForce RTX 3060,2.11.0+cu128,2026-09-03T06:32:08+00:00
sink_window,2048,4096,17,34.65118998428807,28.859037754646558,2048,56.0,56.29052734375,3232.0,110.0478515625,Qwen/Qwen2.5-1.5B,sdpa,NVIDIA GeForce RTX 3060,2.11.0+cu128,2026-09-03T06:32:08+00:00
sink_window,2048,4096,18,35.017882008105516,28.556838468087022,2048,56.0,56.29052734375,3232.0,110.0478515625,Qwen/Qwen2.5-1.5B,sdpa,NVIDIA GeForce RTX 3060,2.11.0+cu128,2026-09-03T06:32:08+00:00
sink_window,2048,4096,19,34.63464800734073,28.872821221917786,2048,56.0,56.29052734375,3232.0,110.0478515625,Qwen/Qwen2.5-1.5B,sdpa,NVIDIA GeForce RTX 3060,2.11.0+cu128,2026-09-03T06:32:08+00:00
sink_window,2048,16384,0,34.688382991589606,28.828094991987825,2048,56.0,56.29052734375,3232.0,110.0478515625,Qwen/Qwen2.5-1.5B,sdpa,NVIDIA GeForce RTX 3060,2.11.0+cu128,2026-09-03T06:32:08+00:00
sink_window,2048,16384,1,34.6001330181025,28.901622993091053,2048,56.0,56.29052734375,3232.0,110.0478515625,Qwen/Qwen2.5-1.5B,sdpa,NVIDIA GeForce RTX 3060,2.11.0+cu128,2026-09-03T06:32:08+00:00
sink_window,2048,16384,2,34.383181016892195,29.083987299159656,2048,56.0,56.29052734375,3232.0,110.0478515625,Qwen/Qwen2.5-1.5B,sdpa,NVIDIA GeForce RTX 3060,2.11.0+cu128,2026-09-03T06:32:08+00:00
sink_window,2048,16384,3,34.515912004280835,28.97214478574331,2048,56.0,56.29052734375,3232.0,110.0478515625,Qwen/Qwen2.5-1.5B,sdpa,NVIDIA GeForce RTX 3060,2.11.0+cu128,2026-09-03T06:32:08+00:00
sink_window,2048,16384,4,34.82884098775685,28.7118368466962,2048,56.0,56.29052734375,3232.0,110.0478515625,Qwen/Qwen2.5-1.5B,sdpa,NVIDIA GeForce RTX 3060,2.11.0+cu128,2026-09-03T06:32:08+00:00
sink_window,2048,16384,5,34.914879011921585,28.64108449748753,2048,56.0,56.29052734375,3232.0,110.0478515625,Qwen/Qwen2.5-1.5B,sdpa,NVIDIA GeForce RTX 3060,2.11.0+cu128,2026-09-03T06:32:08+00:00
sink_window,2048,16384,6,34.764002019073814,28.765387812695856,2048,56.0,56.29052734375,3232.0,110.0478515625,Qwen/Qwen2.5-1.5B,sdpa,NVIDIA GeForce RTX 3060,2.11.0+cu128,2026-09-03T06:32:08+00:00
sink_window,2048,16384,7,34.47581798536703,29.005838249419973,2048,56.0,56.29052734375,3232.0,110.0478515625,Qwen/Qwen2.5-1.5B,sdpa,NVIDIA GeForce RTX 3060,2.11.0+cu128,2026-09-03T06:32:08+00:00
sink_window,2048,16384,8,34.47147796396166,29.009490136902567,2048,56.0,56.29052734375,3232.0,110.0478515625,Qwen/Qwen2.5-1.5B,sdpa,NVIDIA GeForce RTX 3060,2.11.0+cu128,2026-09-03T06:32:08+00:00
sink_window,2048,16384,9,34.37895199749619,29.08756497501232,2048,56.0,56.29052734375,3232.0,110.0478515625,Qwen/Qwen2.5-1.5B,sdpa,NVIDIA GeForce RTX 3060,2.11.0+cu128,2026-09-03T06:32:08+00:00
sink_window,2048,16384,10,34.82902701944113,28.711683488654806,2048,56.0,56.29052734375,3232.0,110.0478515625,Qwen/Qwen2.5-1.5B,sdpa,NVIDIA GeForce RTX 3060,2.11.0+cu128,2026-09-03T06:32:08+00:00
sink_window,2048,16384,11,34.94162001879886,28.61916532381705,2048,56.0,56.29052734375,3232.0,110.0478515625,Qwen/Qwen2.5-1.5B,sdpa,NVIDIA GeForce RTX 3060,2.11.0+cu128,2026-09-03T06:32:08+00:00
sink_window,2048,16384,12,34.66258000116795,28.84955476384923,2048,56.0,56.29052734375,3232.0,110.0478515625,Qwen/Qwen2.5-1.5B,sdpa,NVIDIA GeForce RTX 3060,2.11.0+cu128,2026-09-03T06:32:09+00:00
sink_window,2048,16384,13,34.323867002967745,29.134246438885718,2048,56.0,56.29052734375,3232.0,110.0478515625,Qwen/Qwen2.5-1.5B,sdpa,NVIDIA GeForce RTX 3060,2.11.0+cu128,2026-09-03T06:32:09+00:00
sink_window,2048,16384,14,34.7591940080747,28.76936673985294,2048,56.0,56.29052734375,3232.0,110.0478515625,Qwen/Qwen2.5-1.5B,sdpa,NVIDIA GeForce RTX 3060,2.11.0+cu128,2026-09-03T06:32:09+00:00
sink_window,2048,16384,15,34.915082971565425,28.640917187978395,2048,56.0,56.29052734375,3232.0,110.0478515625,Qwen/Qwen2.5-1.5B,sdpa,NVIDIA GeForce RTX 3060,2.11.0+cu128,2026-09-03T06:32:09+00:00
sink_window,2048,16384,16,34.400926961097866,29.068984133213778,2048,56.0,56.29052734375,3232.0,110.0478515625,Qwen/Qwen2.5-1.5B,sdpa,NVIDIA GeForce RTX 3060,2.11.0+cu128,2026-09-03T06:32:09+00:00
sink_window,2048,16384,17,34.67587899649516,28.83849029756605,2048,56.0,56.29052734375,3232.0,110.0478515625,Qwen/Qwen2.5-1.5B,sdpa,NVIDIA GeForce RTX 3060,2.11.0+cu128,2026-09-03T06:32:09+00:00
sink_window,2048,16384,18,34.58003205014393,28.91842316831623,2048,56.0,56.29052734375,3232.0,110.0478515625,Qwen/Qwen2.5-1.5B,sdpa,NVIDIA GeForce RTX 3060,2.11.0+cu128,2026-09-03T06:32:09+00:00
sink_window,2048,16384,19,34.76700995815918,28.76289911624449,2048,56.0,56.29052734375,3232.0,110.0478515625,Qwen/Qwen2.5-1.5B,sdpa,NVIDIA GeForce RTX 3060,2.11.0+cu128,2026-09-03T06:32:09+00:00
sink_window,2048,65536,0,34.584970970172435,28.91429346181736,2048,56.0,56.29052734375,3232.0,110.0478515625,Qwen/Qwen2.5-1.5B,sdpa,NVIDIA GeForce RTX 3060,2.11.0+cu128,2026-09-03T06:32:09+00:00
sink_window,2048,65536,1,34.759403963107616,28.769192966063635,2048,56.0,56.29052734375,3232.0,110.0478515625,Qwen/Qwen2.5-1.5B,sdpa,NVIDIA GeForce RTX 3060,2.11.0+cu128,2026-09-03T06:32:09+00:00
sink_window,2048,65536,2,36.253889033105224,27.58324766446023,2048,56.0,56.29052734375,3232.0,110.0478515625,Qwen/Qwen2.5-1.5B,sdpa,NVIDIA GeForce RTX 3060,2.11.0+cu128,2026-09-03T06:32:09+00:00
sink_window,2048,65536,3,34.89879402332008,28.654285283662805,2048,56.0,56.29052734375,3232.0,110.0478515625,Qwen/Qwen2.5-1.5B,sdpa,NVIDIA GeForce RTX 3060,2.11.0+cu128,2026-09-03T06:32:09+00:00
sink_window,2048,65536,4,34.93947797687724,28.620919885002134,2048,56.0,56.29052734375,3232.0,110.0478515625,Qwen/Qwen2.5-1.5B,sdpa,NVIDIA GeForce RTX 3060,2.11.0+cu128,2026-09-03T06:32:09+00:00
sink_window,2048,65536,5,34.371693967841566,29.093707192191577,2048,56.0,56.29052734375,3232.0,110.0478515625,Qwen/Qwen2.5-1.5B,sdpa,NVIDIA GeForce RTX 3060,2.11.0+cu128,2026-09-03T06:32:09+00:00
sink_window,2048,65536,6,34.698290983214974,28.819863217002304,2048,56.0,56.29052734375,3232.0,110.0478515625,Qwen/Qwen2.5-1.5B,sdpa,NVIDIA GeForce RTX 3060,2.11.0+cu128,2026-09-03T06:32:09+00:00
sink_window,2048,65536,7,34.4210879993625,29.051957916569073,2048,56.0,56.29052734375,3232.0,110.0478515625,Qwen/Qwen2.5-1.5B,sdpa,NVIDIA GeForce RTX 3060,2.11.0+cu128,2026-09-03T06:32:09+00:00
sink_window,2048,65536,8,35.07933497894555,28.506811791050062,2048,56.0,56.29052734375,3232.0,110.0478515625,Qwen/Qwen2.5-1.5B,sdpa,NVIDIA GeForce RTX 3060,2.11.0+cu128,2026-09-03T06:32:09+00:00
sink_window,2048,65536,9,35.65678303129971,28.045154806091027,2048,56.0,56.29052734375,3232.0,110.0478515625,Qwen/Qwen2.5-1.5B,sdpa,NVIDIA GeForce RTX 3060,2.11.0+cu128,2026-09-03T06:32:09+00:00
sink_window,2048,65536,10,35.6472969870083,28.052617856676513,2048,56.0,56.29052734375,3232.0,110.0478515625,Qwen/Qwen2.5-1.5B,sdpa,NVIDIA GeForce RTX 3060,2.11.0+cu128,2026-09-03T06:32:09+00:00
sink_window,2048,65536,11,34.94811902055517,28.613843263262254,2048,56.0,56.29052734375,3232.0,110.0478515625,Qwen/Qwen2.5-1.5B,sdpa,NVIDIA GeForce RTX 3060,2.11.0+cu128,2026-09-03T06:32:09+00:00
sink_window,2048,65536,12,35.07871902547777,28.507312347229593,2048,56.0,56.29052734375,3232.0,110.0478515625,Qwen/Qwen2.5-1.5B,sdpa,NVIDIA GeForce RTX 3060,2.11.0+cu128,2026-09-03T06:32:09+00:00
sink_window,2048,65536,13,35.05317500093952,28.52808625675698,2048,56.0,56.29052734375,3232.0,110.0478515625,Qwen/Qwen2.5-1.5B,sdpa,NVIDIA GeForce RTX 3060,2.11.0+cu128,2026-09-03T06:32:09+00:00
sink_window,2048,65536,14,34.87606003182009,28.672963605625856,2048,56.0,56.29052734375,3232.0,110.0478515625,Qwen/Qwen2.5-1.5B,sdpa,NVIDIA GeForce RTX 3060,2.11.0+cu128,2026-09-03T06:32:09+00:00
sink_window,2048,65536,15,35.21997103234753,28.392981898865198,2048,56.0,56.29052734375,3232.0,110.0478515625,Qwen/Qwen2.5-1.5B,sdpa,NVIDIA GeForce RTX 3060,2.11.0+cu128,2026-09-03T06:32:10+00:00
sink_window,2048,65536,16,34.459382004570216,29.019673070961453,2048,56.0,56.29052734375,3232.0,110.0478515625,Qwen/Qwen2.5-1.5B,sdpa,NVIDIA GeForce RTX 3060,2.11.0+cu128,2026-09-03T06:32:10+00:00
sink_window,2048,65536,17,34.64858699589968,28.861205800927475,2048,56.0,56.29052734375,3232.0,110.0478515625,Qwen/Qwen2.5-1.5B,sdpa,NVIDIA GeForce RTX 3060,2.11.0+cu128,2026-09-03T06:32:10+00:00
sink_window,2048,65536,18,34.99722294509411,28.573695734912004,2048,56.0,56.29052734375,3232.0,110.0478515625,Qwen/Qwen2.5-1.5B,sdpa,NVIDIA GeForce RTX 3060,2.11.0+cu128,2026-09-03T06:32:10+00:00
sink_window,2048,65536,19,34.586912021040916,28.912670763774774,2048,56.0,56.29052734375,3232.0,110.0478515625,Qwen/Qwen2.5-1.5B,sdpa,NVIDIA GeForce RTX 3060,2.11.0+cu128,2026-09-03T06:32:10+00:00
sink_window,2048,120000,0,35.17139400355518,28.43219691260797,2048,56.0,56.29052734375,3232.0,110.0478515625,Qwen/Qwen2.5-1.5B,sdpa,NVIDIA GeForce RTX 3060,2.11.0+cu128,2026-09-03T06:32:10+00:00
sink_window,2048,120000,1,35.09517898783088,28.493942155039193,2048,56.0,56.29052734375,3232.0,110.0478515625,Qwen/Qwen2.5-1.5B,sdpa,NVIDIA GeForce RTX 3060,2.11.0+cu128,2026-09-03T06:32:10+00:00
sink_window,2048,120000,2,34.93119799531996,28.627704098038055,2048,56.0,56.29052734375,3232.0,110.0478515625,Qwen/Qwen2.5-1.5B,sdpa,NVIDIA GeForce RTX 3060,2.11.0+cu128,2026-09-03T06:32:10+00:00
sink_window,2048,120000,3,34.4251380302012,29.04854002684606,2048,56.0,56.29052734375,3232.0,110.0478515625,Qwen/Qwen2.5-1.5B,sdpa,NVIDIA GeForce RTX 3060,2.11.0+cu128,2026-09-03T06:32:10+00:00
sink_window,2048,120000,4,36.00077598821372,27.777179034346084,2048,56.0,56.29052734375,3232.0,110.0478515625,Qwen/Qwen2.5-1.5B,sdpa,NVIDIA GeForce RTX 3060,2.11.0+cu128,2026-09-03T06:32:10+00:00
sink_window,2048,120000,5,35.609146987553686,28.08267213897389,2048,56.0,56.29052734375,3232.0,110.0478515625,Qwen/Qwen2.5-1.5B,sdpa,NVIDIA GeForce RTX 3060,2.11.0+cu128,2026-09-03T06:32:10+00:00
sink_window,2048,120000,6,34.982849028892815,28.585436228309657,2048,56.0,56.29052734375,3232.0,110.0478515625,Qwen/Qwen2.5-1.5B,sdpa,NVIDIA GeForce RTX 3060,2.11.0+cu128,2026-09-03T06:32:10+00:00
sink_window,2048,120000,7,35.195304022636265,28.412881427500626,2048,56.0,56.29052734375,3232.0,110.0478515625,Qwen/Qwen2.5-1.5B,sdpa,NVIDIA GeForce RTX 3060,2.11.0+cu128,2026-09-03T06:32:10+00:00
sink_window,2048,120000,8,34.44430901436135,29.032372215191074,2048,56.0,56.29052734375,3232.0,110.0478515625,Qwen/Qwen2.5-1.5B,sdpa,NVIDIA GeForce RTX 3060,2.11.0+cu128,2026-09-03T06:32:10+00:00
sink_window,2048,120000,9,34.22489302465692,29.218498923563086,2048,56.0,56.29052734375,3232.0,110.0478515625,Qwen/Qwen2.5-1.5B,sdpa,NVIDIA GeForce RTX 3060,2.11.0+cu128,2026-09-03T06:32:10+00:00
sink_window,2048,120000,10,34.93652900215238,28.62333576235898,2048,56.0,56.29052734375,3232.0,110.0478515625,Qwen/Qwen2.5-1.5B,sdpa,NVIDIA GeForce RTX 3060,2.11.0+cu128,2026-09-03T06:32:10+00:00
sink_window,2048,120000,11,37.22696396289393,26.862249658520433,2048,56.0,56.29052734375,3232.0,110.0478515625,Qwen/Qwen2.5-1.5B,sdpa,NVIDIA GeForce RTX 3060,2.11.0+cu128,2026-09-03T06:32:10+00:00
sink_window,2048,120000,12,35.65085702575743,28.049816566191065,2048,56.0,56.29052734375,3232.0,110.0478515625,Qwen/Qwen2.5-1.5B,sdpa,NVIDIA GeForce RTX 3060,2.11.0+cu128,2026-09-03T06:32:10+00:00
sink_window,2048,120000,13,34.95528799248859,28.607974856762333,2048,56.0,56.29052734375,3232.0,110.0478515625,Qwen/Qwen2.5-1.5B,sdpa,NVIDIA GeForce RTX 3060,2.11.0+cu128,2026-09-03T06:32:10+00:00
sink_window,2048,120000,14,34.90336402319372,28.650533494006126,2048,56.0,56.29052734375,3232.0,110.0478515625,Qwen/Qwen2.5-1.5B,sdpa,NVIDIA GeForce RTX 3060,2.11.0+cu128,2026-09-03T06:32:10+00:00
sink_window,2048,120000,15,35.13133601518348,28.464616306302958,2048,56.0,56.29052734375,3232.0,110.0478515625,Qwen/Qwen2.5-1.5B,sdpa,NVIDIA GeForce RTX 3060,2.11.0+cu128,2026-09-03T06:32:10+00:00
sink_window,2048,120000,16,34.49057094985619,28.99343131935511,2048,56.0,56.29052734375,3232.0,110.0478515625,Qwen/Qwen2.5-1.5B,sdpa,NVIDIA GeForce RTX 3060,2.11.0+cu128,2026-09-03T06:32:10+00:00
sink_window,2048,120000,17,34.69853202113882,28.81966301602576,2048,56.0,56.29052734375,3232.0,110.0478515625,Qwen/Qwen2.5-1.5B,sdpa,NVIDIA GeForce RTX 3060,2.11.0+cu128,2026-09-03T06:32:10+00:00
sink_window,2048,120000,18,34.768692043144256,28.761507587317524,2048,56.0,56.29052734375,3232.0,110.0478515625,Qwen/Qwen2.5-1.5B,sdpa,NVIDIA GeForce RTX 3060,2.11.0+cu128,2026-09-03T06:32:10+00:00
sink_window,2048,120000,19,34.46779999649152,29.012585662612352,2048,56.0,56.29052734375,3232.0,110.0478515625,Qwen/Qwen2.5-1.5B,sdpa,NVIDIA GeForce RTX 3060,2.11.0+cu128,2026-09-03T06:32:11+00:00
sink_window,4096,512,0,33.92349497880787,29.478094772508072,516,14.109375,14.39990234375,3164.0,17.6455078125,Qwen/Qwen2.5-1.5B,sdpa,NVIDIA GeForce RTX 3060,2.11.0+cu128,2026-09-03T06:32:11+00:00
sink_window,4096,512,1,34.00860703550279,29.404321057785886,517,14.13671875,14.42724609375,3164.0,17.6728515625,Qwen/Qwen2.5-1.5B,sdpa,NVIDIA GeForce RTX 3060,2.11.0+cu128,2026-09-03T06:32:11+00:00
sink_window,4096,512,2,33.64049503579736,29.726078612573474,518,14.1640625,14.45458984375,3164.0,17.7001953125,Qwen/Qwen2.5-1.5B,sdpa,NVIDIA GeForce RTX 3060,2.11.0+cu128,2026-09-03T06:32:11+00:00
sink_window,4096,512,3,33.58378098346293,29.776278034102603,519,14.19140625,14.48193359375,3164.0,17.7275390625,Qwen/Qwen2.5-1.5B,sdpa,NVIDIA GeForce RTX 3060,2.11.0+cu128,2026-09-03T06:32:11+00:00
sink_window,4096,512,4,34.02930503943935,29.38643615674837,520,14.21875,14.50927734375,3164.0,17.7548828125,Qwen/Qwen2.5-1.5B,sdpa,NVIDIA GeForce RTX 3060,2.11.0+cu128,2026-09-03T06:32:11+00:00
sink_window,4096,512,5,33.930709993001074,29.471826560843294,521,14.24609375,14.53662109375,3164.0,17.7822265625,Qwen/Qwen2.5-1.5B,sdpa,NVIDIA GeForce RTX 3060,2.11.0+cu128,2026-09-03T06:32:11+00:00
sink_window,4096,512,6,33.77381101017818,29.60874032541477,522,14.2734375,14.56396484375,3164.0,17.8095703125,Qwen/Qwen2.5-1.5B,sdpa,NVIDIA GeForce RTX 3060,2.11.0+cu128,2026-09-03T06:32:11+00:00
sink_window,4096,512,7,34.43222201894969,29.04256366172513,523,14.30078125,14.59130859375,3164.0,17.8369140625,Qwen/Qwen2.5-1.5B,sdpa,NVIDIA GeForce RTX 3060,2.11.0+cu128,2026-09-03T06:32:11+00:00
sink_window,4096,512,8,34.125531965401024,29.30357249855837,524,14.328125,14.61865234375,3164.0,17.8642578125,Qwen/Qwen2.5-1.5B,sdpa,NVIDIA GeForce RTX 3060,2.11.0+cu128,2026-09-03T06:32:11+00:00
sink_window,4096,512,9,34.0830740169622,29.340076528963547,525,14.35546875,14.64599609375,3166.0,17.8916015625,Qwen/Qwen2.5-1.5B,sdpa,NVIDIA GeForce RTX 3060,2.11.0+cu128,2026-09-03T06:32:11+00:00
sink_window,4096,512,10,34.51236098771915,28.97512576308063,526,14.3828125,14.67333984375,3166.0,17.9189453125,Qwen/Qwen2.5-1.5B,sdpa,NVIDIA GeForce RTX 3060,2.11.0+cu128,2026-09-03T06:32:11+00:00
sink_window,4096,512,11,34.018009959254414,29.396193404545567,527,14.41015625,14.70068359375,3166.0,17.9462890625,Qwen/Qwen2.5-1.5B,sdpa,NVIDIA GeForce RTX 3060,2.11.0+cu128,2026-09-03T06:32:11+00:00
sink_window,4096,512,12,33.837536990176886,29.552978406504653,528,14.4375,14.72802734375,3166.0,17.9736328125,Qwen/Qwen2.5-1.5B,sdpa,NVIDIA GeForce RTX 3060,2.11.0+cu128,2026-09-03T06:32:11+00:00
sink_window,4096,512,13,34.024971013423055,29.390179336390734,529,14.46484375,14.75537109375,3166.0,18.0009765625,Qwen/Qwen2.5-1.5B,sdpa,NVIDIA GeForce RTX 3060,2.11.0+cu128,2026-09-03T06:32:11+00:00
sink_window,4096,512,14,33.75011298339814,29.62953044014713,530,14.4921875,14.78271484375,3166.0,18.0283203125,Qwen/Qwen2.5-1.5B,sdpa,NVIDIA GeForce RTX 3060,2.11.0+cu128,2026-09-03T06:32:11+00:00
sink_window,4096,512,15,34.18577602133155,29.251932130369397,531,14.51953125,14.81005859375,3166.0,18.0556640625,Qwen/Qwen2.5-1.5B,sdpa,NVIDIA GeForce RTX 3060,2.11.0+cu128,2026-09-03T06:32:11+00:00
sink_window,4096,512,16,34.45885400287807,29.020117729872215,532,14.546875,14.83740234375,3166.0,18.0830078125,Qwen/Qwen2.5-1.5B,sdpa,NVIDIA GeForce RTX 3060,2.11.0+cu128,2026-09-03T06:32:11+00:00
sink_window,4096,512,17,33.94235699670389,29.461713578026092,533,14.57421875,14.86474609375,3166.0,18.1103515625,Qwen/Qwen2.5-1.5B,sdpa,NVIDIA GeForce RTX 3060,2.11.0+cu128,2026-09-03T06:32:11+00:00
sink_window,4096,512,18,33.97230600239709,29.435740980592836,534,14.6015625,14.89208984375,3166.0,18.1376953125,Qwen/Qwen2.5-1.5B,sdpa,NVIDIA GeForce RTX 3060,2.11.0+cu128,2026-09-03T06:32:11+00:00
sink_window,4096,512,19,33.87242299504578,29.52254109917856,535,14.62890625,14.91943359375,3166.0,18.1650390625,Qwen/Qwen2.5-1.5B,sdpa,NVIDIA GeForce RTX 3060,2.11.0+cu128,2026-09-03T06:32:11+00:00
sink_window,4096,4096,0,35.18262499710545,28.42312078994311,4096,112.0,112.30615234375,3320.0,136.072265625,Qwen/Qwen2.5-1.5B,sdpa,NVIDIA GeForce RTX 3060,2.11.0+cu128,2026-09-03T06:32:12+00:00
sink_window,4096,4096,1,35.49544303677976,28.17263046875672,4096,112.0,112.3056640625,3320.0,136.072265625,Qwen/Qwen2.5-1.5B,sdpa,NVIDIA GeForce RTX 3060,2.11.0+cu128,2026-09-03T06:32:12+00:00
sink_window,4096,4096,2,35.128090996295214,28.467245775054074,4096,112.0,112.3046875,3320.0,136.072265625,Qwen/Qwen2.5-1.5B,sdpa,NVIDIA GeForce RTX 3060,2.11.0+cu128,2026-09-03T06:32:12+00:00
sink_window,4096,4096,3,35.286446975078434,28.339492516950333,4096,112.0,112.30615234375,3320.0,136.072265625,Qwen/Qwen2.5-1.5B,sdpa,NVIDIA GeForce RTX 3060,2.11.0+cu128,2026-09-03T06:32:12+00:00
sink_window,4096,4096,4,35.092245030682534,28.496324447913224,4096,112.0,112.306640625,3320.0,136.072265625,Qwen/Qwen2.5-1.5B,sdpa,NVIDIA GeForce RTX 3060,2.11.0+cu128,2026-09-03T06:32:12+00:00
sink_window,4096,4096,5,35.14721803367138,28.451753963627795,4096,112.0,112.306640625,3320.0,136.07373046875,Qwen/Qwen2.5-1.5B,sdpa,NVIDIA GeForce RTX 3060,2.11.0+cu128,2026-09-03T06:32:12+00:00
sink_window,4096,4096,6,35.041592025663704,28.537516196970206,4096,112.0,112.30615234375,3320.0,136.07373046875,Qwen/Qwen2.5-1.5B,sdpa,NVIDIA GeForce RTX 3060,2.11.0+cu128,2026-09-03T06:32:12+00:00
sink_window,4096,4096,7,34.973467991221696,28.593103785160768,4096,112.0,112.30615234375,3320.0,136.07373046875,Qwen/Qwen2.5-1.5B,sdpa,NVIDIA GeForce RTX 3060,2.11.0+cu128,2026-09-03T06:32:12+00:00
sink_window,4096,4096,8,35.238970012869686,28.377673911433515,4096,112.0,112.3056640625,3320.0,136.07373046875,Qwen/Qwen2.5-1.5B,sdpa,NVIDIA GeForce RTX 3060,2.11.0+cu128,2026-09-03T06:32:12+00:00
sink_window,4096,4096,9,35.64282500883564,28.056137518619973,4096,112.0,112.30615234375,3320.0,136.07373046875,Qwen/Qwen2.5-1.5B,sdpa,NVIDIA GeForce RTX 3060,2.11.0+cu128,2026-09-03T06:32:12+00:00
sink_window,4096,4096,10,35.309355007484555,28.321106397667958,4096,112.0,111.30859375,3320.0,136.07373046875,Qwen/Qwen2.5-1.5B,sdpa,NVIDIA GeForce RTX 3060,2.11.0+cu128,2026-09-03T06:32:12+00:00
sink_window,4096,4096,11,35.17435397952795,28.429804299519372,4096,112.0,112.30615234375,3320.0,136.07373046875,Qwen/Qwen2.5-1.5B,sdpa,NVIDIA GeForce RTX 3060,2.11.0+cu128,2026-09-03T06:32:12+00:00
sink_window,4096,4096,12,35.11035902192816,28.48162274203606,4096,112.0,112.30615234375,3320.0,136.07373046875,Qwen/Qwen2.5-1.5B,sdpa,NVIDIA GeForce RTX 3060,2.11.0+cu128,2026-09-03T06:32:12+00:00
sink_window,4096,4096,13,35.75870400527492,27.965219317022385,4096,112.0,112.30615234375,3320.0,136.07373046875,Qwen/Qwen2.5-1.5B,sdpa,NVIDIA GeForce RTX 3060,2.11.0+cu128,2026-09-03T06:32:12+00:00
sink_window,4096,4096,14,36.05413599871099,27.73606889472409,4096,112.0,112.306640625,3320.0,136.07373046875,Qwen/Qwen2.5-1.5B,sdpa,NVIDIA GeForce RTX 3060,2.11.0+cu128,2026-09-03T06:32:12+00:00
sink_window,4096,4096,15,36.30150301614776,27.547068768893027,4096,112.0,112.30615234375,3320.0,136.07373046875,Qwen/Qwen2.5-1.5B,sdpa,NVIDIA GeForce RTX 3060,2.11.0+cu128,2026-09-03T06:32:12+00:00
sink_window,4096,4096,16,35.3109190473333,28.3198519602259,4096,112.0,112.30615234375,3320.0,136.07373046875,Qwen/Qwen2.5-1.5B,sdpa,NVIDIA GeForce RTX 3060,2.11.0+cu128,2026-09-03T06:32:12+00:00
sink_window,4096,4096,17,35.14171298593283,28.45621101055314,4096,112.0,112.306640625,3320.0,136.07373046875,Qwen/Qwen2.5-1.5B,sdpa,NVIDIA GeForce RTX 3060,2.11.0+cu128,2026-09-03T06:32:12+00:00
sink_window,4096,4096,18,35.50516499672085,28.164916290132915,4096,112.0,112.30615234375,3320.0,136.07373046875,Qwen/Qwen2.5-1.5B,sdpa,NVIDIA GeForce RTX 3060,2.11.0+cu128,2026-09-03T06:32:12+00:00
sink_window,4096,4096,19,35.61876603635028,28.075088254867186,4096,112.0,112.3056640625,3320.0,136.07373046875,Qwen/Qwen2.5-1.5B,sdpa,NVIDIA GeForce RTX 3060,2.11.0+cu128,2026-09-03T06:32:12+00:00
sink_window,4096,16384,0,35.507673979736865,28.162926148602953,4096,112.0,112.30615234375,3320.0,136.072265625,Qwen/Qwen2.5-1.5B,sdpa,NVIDIA GeForce RTX 3060,2.11.0+cu128,2026-09-03T06:32:12+00:00
sink_window,4096,16384,1,35.50869697937742,28.162114779395466,4096,112.0,112.3056640625,3320.0,136.072265625,Qwen/Qwen2.5-1.5B,sdpa,NVIDIA GeForce RTX 3060,2.11.0+cu128,2026-09-03T06:32:13+00:00
sink_window,4096,16384,2,35.97654204349965,27.795889854863997,4096,112.0,112.3046875,3320.0,136.072265625,Qwen/Qwen2.5-1.5B,sdpa,NVIDIA GeForce RTX 3060,2.11.0+cu128,2026-09-03T06:32:13+00:00
sink_window,4096,16384,3,35.409637028351426,28.240899481667384,4096,112.0,112.30615234375,3320.0,136.072265625,Qwen/Qwen2.5-1.5B,sdpa,NVIDIA GeForce RTX 3060,2.11.0+cu128,2026-09-03T06:32:13+00:00
sink_window,4096,16384,4,36.56969900475815,27.34504322471695,4096,112.0,112.306640625,3320.0,136.072265625,Qwen/Qwen2.5-1.5B,sdpa,NVIDIA GeForce RTX 3060,2.11.0+cu128,2026-09-03T06:32:13+00:00
sink_window,4096,16384,5,35.436481004580855,28.2195063293878,4096,112.0,112.306640625,3320.0,136.07373046875,Qwen/Qwen2.5-1.5B,sdpa,NVIDIA GeForce RTX 3060,2.11.0+cu128,2026-09-03T06:32:13+00:00
sink_window,4096,16384,6,35.54043499752879,28.136965686253763,4096,112.0,112.30615234375,3320.0,136.07373046875,Qwen/Qwen2.5-1.5B,sdpa,NVIDIA GeForce RTX 3060,2.11.0+cu128,2026-09-03T06:32:13+00:00
sink_window,4096,16384,7,35.50880297552794,28.16203071360031,4096,112.0,112.30615234375,3320.0,136.07373046875,Qwen/Qwen2.5-1.5B,sdpa,NVIDIA GeForce RTX 3060,2.11.0+cu128,2026-09-03T06:32:13+00:00
sink_window,4096,16384,8,35.09578702505678,28.49344849528651,4096,112.0,112.3056640625,3320.0,136.07373046875,Qwen/Qwen2.5-1.5B,sdpa,NVIDIA GeForce RTX 3060,2.11.0+cu128,2026-09-03T06:32:13+00:00
sink_window,4096,16384,9,34.98463303549215,28.583978542392973,4096,112.0,112.30615234375,3320.0,136.07373046875,Qwen/Qwen2.5-1.5B,sdpa,NVIDIA GeForce RTX 3060,2.11.0+cu128,2026-09-03T06:32:13+00:00
sink_window,4096,16384,10,35.16732796560973,28.435484236331632,4096,112.0,111.30859375,3320.0,136.07373046875,Qwen/Qwen2.5-1.5B,sdpa,NVIDIA GeForce RTX 3060,2.11.0+cu128,2026-09-03T06:32:13+00:00
sink_window,4096,16384,11,35.19717796007171,28.411368693661103,4096,112.0,112.30615234375,3320.0,136.07373046875,Qwen/Qwen2.5-1.5B,sdpa,NVIDIA GeForce RTX 3060,2.11.0+cu128,2026-09-03T06:32:13+00:00
sink_window,4096,16384,12,35.19670001696795,28.41175449737932,4096,112.0,112.30615234375,3320.0,136.07373046875,Qwen/Qwen2.5-1.5B,sdpa,NVIDIA GeForce RTX 3060,2.11.0+cu128,2026-09-03T06:32:13+00:00
sink_window,4096,16384,13,35.086096031591296,28.50131855934061,4096,112.0,112.30615234375,3320.0,136.07373046875,Qwen/Qwen2.5-1.5B,sdpa,NVIDIA GeForce RTX 3060,2.11.0+cu128,2026-09-03T06:32:13+00:00
sink_window,4096,16384,14,35.71661200840026,27.99817630420287,4096,112.0,112.306640625,3320.0,136.07373046875,Qwen/Qwen2.5-1.5B,sdpa,NVIDIA GeForce RTX 3060,2.11.0+cu128,2026-09-03T06:32:13+00:00
sink_window,4096,16384,15,35.574577981606126,28.10996100971461,4096,112.0,112.30615234375,3320.0,136.07373046875,Qwen/Qwen2.5-1.5B,sdpa,NVIDIA GeForce RTX 3060,2.11.0+cu128,2026-09-03T06:32:13+00:00
sink_window,4096,16384,16,36.27397696254775,27.567972517391258,4096,112.0,112.30615234375,3320.0,136.07373046875,Qwen/Qwen2.5-1.5B,sdpa,NVIDIA GeForce RTX 3060,2.11.0+cu128,2026-09-03T06:32:13+00:00
sink_window,4096,16384,17,36.081440979614854,27.715079355200253,4096,112.0,112.306640625,3320.0,136.07373046875,Qwen/Qwen2.5-1.5B,sdpa,NVIDIA GeForce RTX 3060,2.11.0+cu128,2026-09-03T06:32:13+00:00
sink_window,4096,16384,18,35.45117302564904,28.207811326200595,4096,112.0,112.30615234375,3320.0,136.07373046875,Qwen/Qwen2.5-1.5B,sdpa,NVIDIA GeForce RTX 3060,2.11.0+cu128,2026-09-03T06:32:13+00:00
sink_window,4096,16384,19,36.24722902895883,27.588315763422212,4096,112.0,112.3056640625,3320.0,136.07373046875,Qwen/Qwen2.5-1.5B,sdpa,NVIDIA GeForce RTX 3060,2.11.0+cu128,2026-09-03T06:32:13+00:00
sink_window,4096,65536,0,35.21288197953254,28.398697970283976,4096,112.0,112.30615234375,3320.0,136.072265625,Qwen/Qwen2.5-1.5B,sdpa,NVIDIA GeForce RTX 3060,2.11.0+cu128,2026-09-03T06:32:13+00:00
sink_window,4096,65536,1,35.218999022617936,28.393765517236638,4096,112.0,112.3056640625,3320.0,136.072265625,Qwen/Qwen2.5-1.5B,sdpa,NVIDIA GeForce RTX 3060,2.11.0+cu128,2026-09-03T06:32:13+00:00
sink_window,4096,65536,2,34.91583600407466,28.640299487123848,4096,112.0,112.3046875,3320.0,136.072265625,Qwen/Qwen2.5-1.5B,sdpa,NVIDIA GeForce RTX 3060,2.11.0+cu128,2026-09-03T06:32:13+00:00
sink_window,4096,65536,3,35.476467048283666,28.187699712008936,4096,112.0,112.30615234375,3320.0,136.072265625,Qwen/Qwen2.5-1.5B,sdpa,NVIDIA GeForce RTX 3060,2.11.0+cu128,2026-09-03T06:32:13+00:00
sink_window,4096,65536,4,35.33002099720761,28.30454021182261,4096,112.0,112.306640625,3320.0,136.072265625,Qwen/Qwen2.5-1.5B,sdpa,NVIDIA GeForce RTX 3060,2.11.0+cu128,2026-09-03T06:32:14+00:00
sink_window,4096,65536,5,35.14406899921596,28.45430334268662,4096,112.0,112.306640625,3320.0,136.07373046875,Qwen/Qwen2.5-1.5B,sdpa,NVIDIA GeForce RTX 3060,2.11.0+cu128,2026-09-03T06:32:14+00:00
sink_window,4096,65536,6,35.709987045265734,28.00337056220174,4096,112.0,112.30615234375,3320.0,136.07373046875,Qwen/Qwen2.5-1.5B,sdpa,NVIDIA GeForce RTX 3060,2.11.0+cu128,2026-09-03T06:32:14+00:00
sink_window,4096,65536,7,35.033186024520546,28.544363601417142,4096,112.0,112.30615234375,3320.0,136.07373046875,Qwen/Qwen2.5-1.5B,sdpa,NVIDIA GeForce RTX 3060,2.11.0+cu128,2026-09-03T06:32:14+00:00
sink_window,4096,65536,8,35.02615401521325,28.55009429712609,4096,112.0,112.3056640625,3320.0,136.07373046875,Qwen/Qwen2.5-1.5B,sdpa,NVIDIA GeForce RTX 3060,2.11.0+cu128,2026-09-03T06:32:14+00:00
sink_window,4096,65536,9,35.214914998505265,28.397058463507467,4096,112.0,112.30615234375,3320.0,136.07373046875,Qwen/Qwen2.5-1.5B,sdpa,NVIDIA GeForce RTX 3060,2.11.0+cu128,2026-09-03T06:32:14+00:00
sink_window,4096,65536,10,35.0924750091508,28.49613769730512,4096,112.0,111.30859375,3320.0,136.07373046875,Qwen/Qwen2.5-1.5B,sdpa,NVIDIA GeForce RTX 3060,2.11.0+cu128,2026-09-03T06:32:14+00:00
sink_window,4096,65536,11,35.23592202691361,28.380128643609446,4096,112.0,112.30615234375,3320.0,136.07373046875,Qwen/Qwen2.5-1.5B,sdpa,NVIDIA GeForce RTX 3060,2.11.0+cu128,2026-09-03T06:32:14+00:00
sink_window,4096,65536,12,35.1471200119704,28.45183331264184,4096,112.0,112.30615234375,3320.0,136.07373046875,Qwen/Qwen2.5-1.5B,sdpa,NVIDIA GeForce RTX 3060,2.11.0+cu128,2026-09-03T06:32:14+00:00
sink_window,4096,65536,13,35.18321498995647,28.42264415817212,4096,112.0,112.30615234375,3320.0,136.07373046875,Qwen/Qwen2.5-1.5B,sdpa,NVIDIA GeForce RTX 3060,2.11.0+cu128,2026-09-03T06:32:14+00:00
sink_window,4096,65536,14,35.50237201852724,28.16713202932302,4096,112.0,112.306640625,3320.0,136.07373046875,Qwen/Qwen2.5-1.5B,sdpa,NVIDIA GeForce RTX 3060,2.11.0+cu128,2026-09-03T06:32:14+00:00
sink_window,4096,65536,15,35.5336350039579,28.14235019548705,4096,112.0,112.30615234375,3320.0,136.07373046875,Qwen/Qwen2.5-1.5B,sdpa,NVIDIA GeForce RTX 3060,2.11.0+cu128,2026-09-03T06:32:14+00:00
sink_window,4096,65536,16,35.466786997858435,28.19539306056628,4096,112.0,112.30615234375,3320.0,136.07373046875,Qwen/Qwen2.5-1.5B,sdpa,NVIDIA GeForce RTX 3060,2.11.0+cu128,2026-09-03T06:32:14+00:00
sink_window,4096,65536,17,35.139940038789064,28.457646737477482,4096,112.0,112.306640625,3320.0,136.07373046875,Qwen/Qwen2.5-1.5B,sdpa,NVIDIA GeForce RTX 3060,2.11.0+cu128,2026-09-03T06:32:14+00:00
sink_window,4096,65536,18,35.57993896538392,28.10572555992606,4096,112.0,112.30615234375,3320.0,136.07373046875,Qwen/Qwen2.5-1.5B,sdpa,NVIDIA GeForce RTX 3060,2.11.0+cu128,2026-09-03T06:32:14+00:00
sink_window,4096,65536,19,35.27066804235801,28.352170670514617,4096,112.0,112.3056640625,3320.0,136.07373046875,Qwen/Qwen2.5-1.5B,sdpa,NVIDIA GeForce RTX 3060,2.11.0+cu128,2026-09-03T06:32:14+00:00
sink_window,4096,120000,0,35.72835895465687,27.98897092556385,4096,112.0,112.30615234375,3320.0,136.072265625,Qwen/Qwen2.5-1.5B,sdpa,NVIDIA GeForce RTX 3060,2.11.0+cu128,2026-09-03T06:32:14+00:00
sink_window,4096,120000,1,35.696416976861656,28.01401610274213,4096,112.0,112.3056640625,3320.0,136.072265625,Qwen/Qwen2.5-1.5B,sdpa,NVIDIA GeForce RTX 3060,2.11.0+cu128,2026-09-03T06:32:14+00:00
sink_window,4096,120000,2,35.50927503965795,28.16165632452835,4096,112.0,112.3046875,3320.0,136.072265625,Qwen/Qwen2.5-1.5B,sdpa,NVIDIA GeForce RTX 3060,2.11.0+cu128,2026-09-03T06:32:14+00:00
sink_window,4096,120000,3,35.1359749911353,28.460858144744723,4096,112.0,112.30615234375,3320.0,136.072265625,Qwen/Qwen2.5-1.5B,sdpa,NVIDIA GeForce RTX 3060,2.11.0+cu128,2026-09-03T06:32:14+00:00
sink_window,4096,120000,4,35.27296904940158,28.350321136829997,4096,112.0,112.306640625,3320.0,136.072265625,Qwen/Qwen2.5-1.5B,sdpa,NVIDIA GeForce RTX 3060,2.11.0+cu128,2026-09-03T06:32:14+00:00
sink_window,4096,120000,5,35.119984997436404,28.47381626367424,4096,112.0,112.306640625,3320.0,136.07373046875,Qwen/Qwen2.5-1.5B,sdpa,NVIDIA GeForce RTX 3060,2.11.0+cu128,2026-09-03T06:32:14+00:00
sink_window,4096,120000,6,35.62664403580129,28.06888010543732,4096,112.0,112.30615234375,3320.0,136.07373046875,Qwen/Qwen2.5-1.5B,sdpa,NVIDIA GeForce RTX 3060,2.11.0+cu128,2026-09-03T06:32:14+00:00
sink_window,4096,120000,7,35.43547401204705,28.22030826115176,4096,112.0,112.30615234375,3320.0,136.07373046875,Qwen/Qwen2.5-1.5B,sdpa,NVIDIA GeForce RTX 3060,2.11.0+cu128,2026-09-03T06:32:15+00:00
sink_window,4096,120000,8,35.07683705538511,28.508841844007616,4096,112.0,112.3056640625,3320.0,136.07373046875,Qwen/Qwen2.5-1.5B,sdpa,NVIDIA GeForce RTX 3060,2.11.0+cu128,2026-09-03T06:32:15+00:00
sink_window,4096,120000,9,35.232961003202945,28.38251374640617,4096,112.0,112.30615234375,3320.0,136.07373046875,Qwen/Qwen2.5-1.5B,sdpa,NVIDIA GeForce RTX 3060,2.11.0+cu128,2026-09-03T06:32:15+00:00
sink_window,4096,120000,10,35.18319001886994,28.422664330996312,4096,112.0,111.30859375,3320.0,136.07373046875,Qwen/Qwen2.5-1.5B,sdpa,NVIDIA GeForce RTX 3060,2.11.0+cu128,2026-09-03T06:32:15+00:00
sink_window,4096,120000,11,35.00197100220248,28.56981968064243,4096,112.0,112.30615234375,3320.0,136.07373046875,Qwen/Qwen2.5-1.5B,sdpa,NVIDIA GeForce RTX 3060,2.11.0+cu128,2026-09-03T06:32:15+00:00
sink_window,4096,120000,12,35.35397403175011,28.28536331168701,4096,112.0,112.30615234375,3320.0,136.07373046875,Qwen/Qwen2.5-1.5B,sdpa,NVIDIA GeForce RTX 3060,2.11.0+cu128,2026-09-03T06:32:15+00:00
sink_window,4096,120000,13,35.38637299789116,28.259465870084927,4096,112.0,112.30615234375,3320.0,136.07373046875,Qwen/Qwen2.5-1.5B,sdpa,NVIDIA GeForce RTX 3060,2.11.0+cu128,2026-09-03T06:32:15+00:00
sink_window,4096,120000,14,35.395729006268084,28.251996160975075,4096,112.0,112.306640625,3320.0,136.07373046875,Qwen/Qwen2.5-1.5B,sdpa,NVIDIA GeForce RTX 3060,2.11.0+cu128,2026-09-03T06:32:15+00:00
sink_window,4096,120000,15,35.82766297040507,27.91139351807668,4096,112.0,112.30615234375,3320.0,136.07373046875,Qwen/Qwen2.5-1.5B,sdpa,NVIDIA GeForce RTX 3060,2.11.0+cu128,2026-09-03T06:32:15+00:00
sink_window,4096,120000,16,35.16535699600354,28.437078005880835,4096,112.0,112.30615234375,3320.0,136.07373046875,Qwen/Qwen2.5-1.5B,sdpa,NVIDIA GeForce RTX 3060,2.11.0+cu128,2026-09-03T06:32:15+00:00
sink_window,4096,120000,17,35.45257996302098,28.206691897826783,4096,112.0,112.306640625,3320.0,136.07373046875,Qwen/Qwen2.5-1.5B,sdpa,NVIDIA GeForce RTX 3060,2.11.0+cu128,2026-09-03T06:32:15+00:00
sink_window,4096,120000,18,35.530636028852314,28.144725559879074,4096,112.0,112.30615234375,3320.0,136.07373046875,Qwen/Qwen2.5-1.5B,sdpa,NVIDIA GeForce RTX 3060,2.11.0+cu128,2026-09-03T06:32:15+00:00
sink_window,4096,120000,19,35.07882199482992,28.507228667695415,4096,112.0,112.3056640625,3320.0,136.07373046875,Qwen/Qwen2.5-1.5B,sdpa,NVIDIA GeForce RTX 3060,2.11.0+cu128,2026-09-03T06:32:15+00:00
