engine,model,dtype,batch_size,prompt_tokens,new_tokens,prefill_seconds,decode_seconds,decode_tokens_per_sec,prefill_tokens_per_sec,weights_vram_mib,peak_allocated_mib,peak_reserved_mib,oom,note,gpu_name,torch_version,timestamp
hf,Qwen/Qwen2.5-1.5B,float16,1,32,1000,0.0,0.0,30.03301644664639,0.0,2945.29052734375,3018.3662109375,3232.0,False,checkpoint,NVIDIA GeForce RTX 3060,2.11.0+cu130,2026-06-26T10:49:11+00:00
hf,Qwen/Qwen2.5-1.5B,float16,1,32,2000,0.0,0.0,29.290416790361714,0.0,2945.29052734375,3078.8837890625,3290.0,False,checkpoint,NVIDIA GeForce RTX 3060,2.11.0+cu130,2026-06-26T10:49:45+00:00
hf,Qwen/Qwen2.5-1.5B,float16,1,32,3000,0.0,0.0,28.934207004569085,0.0,2945.29052734375,3169.4521484375,3310.0,False,checkpoint,NVIDIA GeForce RTX 3060,2.11.0+cu130,2026-06-26T10:50:20+00:00
hf,Qwen/Qwen2.5-1.5B,float16,1,32,4000,0.0,0.0,31.334992954774695,0.0,2945.29052734375,3203.37109375,3490.0,False,checkpoint,NVIDIA GeForce RTX 3060,2.11.0+cu130,2026-06-26T10:50:52+00:00
hf,Qwen/Qwen2.5-1.5B,float16,1,32,5000,0.0,0.0,31.580449567167864,0.0,2945.29052734375,3260.5244140625,3638.0,False,checkpoint,NVIDIA GeForce RTX 3060,2.11.0+cu130,2026-06-26T10:51:23+00:00
hf,Qwen/Qwen2.5-1.5B,float16,1,32,6000,0.0,0.0,31.568717202395128,0.0,2945.29052734375,3324.826171875,3656.0,False,checkpoint,NVIDIA GeForce RTX 3060,2.11.0+cu130,2026-06-26T10:51:55+00:00
hf,Qwen/Qwen2.5-1.5B,float16,1,32,7000,0.0,0.0,29.537783860625396,0.0,2945.29052734375,3384.90087890625,3778.0,False,checkpoint,NVIDIA GeForce RTX 3060,2.11.0+cu130,2026-06-26T10:52:29+00:00
hf,Qwen/Qwen2.5-1.5B,float16,1,32,8000,0.0,0.0,27.586635373073953,0.0,2945.29052734375,3450.0078125,3826.0,False,checkpoint,NVIDIA GeForce RTX 3060,2.11.0+cu130,2026-06-26T10:53:05+00:00
hf,Qwen/Qwen2.5-1.5B,float16,1,32,9000,0.0,0.0,25.70019842360573,0.0,2945.29052734375,3508.06689453125,3960.0,False,checkpoint,NVIDIA GeForce RTX 3060,2.11.0+cu130,2026-06-26T10:53:44+00:00
hf,Qwen/Qwen2.5-1.5B,float16,1,32,10000,0.0,0.0,24.05824341702757,0.0,2945.29052734375,3566.5302734375,4020.0,False,checkpoint,NVIDIA GeForce RTX 3060,2.11.0+cu130,2026-06-26T10:54:26+00:00
hf,Qwen/Qwen2.5-1.5B,float16,1,32,11000,0.0,0.0,22.610736862599257,0.0,2945.29052734375,3624.7177734375,4152.0,False,checkpoint,NVIDIA GeForce RTX 3060,2.11.0+cu130,2026-06-26T10:55:10+00:00
hf,Qwen/Qwen2.5-1.5B,float16,1,32,12000,0.0,0.0,21.330410516485106,0.0,2945.29052734375,3692.72021484375,4224.0,False,checkpoint,NVIDIA GeForce RTX 3060,2.11.0+cu130,2026-06-26T10:55:57+00:00
hf,Qwen/Qwen2.5-1.5B,float16,1,32,13000,0.0,0.0,20.190155745299403,0.0,2945.29052734375,3751.48876953125,4380.0,False,checkpoint,NVIDIA GeForce RTX 3060,2.11.0+cu130,2026-06-26T10:56:46+00:00
hf,Qwen/Qwen2.5-1.5B,float16,1,32,14000,0.0,0.0,19.16507246814701,0.0,2945.29052734375,3810.21484375,4464.0,False,checkpoint,NVIDIA GeForce RTX 3060,2.11.0+cu130,2026-06-26T10:57:39+00:00
hf,Qwen/Qwen2.5-1.5B,float16,1,32,15000,0.0,0.0,18.23667242698616,0.0,2945.29052734375,3867.2802734375,4644.0,False,checkpoint,NVIDIA GeForce RTX 3060,2.11.0+cu130,2026-06-26T10:58:33+00:00
hf,Qwen/Qwen2.5-1.5B,float16,1,32,16000,0.0,0.0,17.397588097559712,0.0,2945.29052734375,3931.97412109375,4740.0,False,checkpoint,NVIDIA GeForce RTX 3060,2.11.0+cu130,2026-06-26T10:59:31+00:00
hf,Qwen/Qwen2.5-1.5B,float16,1,32,17000,0.0,0.0,16.632141431570858,0.0,2945.29052734375,3989.56884765625,4840.0,False,checkpoint,NVIDIA GeForce RTX 3060,2.11.0+cu130,2026-06-26T11:00:31+00:00
hf,Qwen/Qwen2.5-1.5B,float16,1,32,18000,0.0,0.0,15.929222342182387,0.0,2945.29052734375,4049.986328125,5052.0,False,checkpoint,NVIDIA GeForce RTX 3060,2.11.0+cu130,2026-06-26T11:01:34+00:00
hf,Qwen/Qwen2.5-1.5B,float16,1,32,19000,0.0,0.0,15.285002609426831,0.0,2945.29052734375,4110.580078125,5164.0,False,checkpoint,NVIDIA GeForce RTX 3060,2.11.0+cu130,2026-06-26T11:02:39+00:00
hf,Qwen/Qwen2.5-1.5B,float16,1,32,20000,0.0,0.0,14.690631676788014,0.0,2945.29052734375,4173.99365234375,5400.0,False,checkpoint,NVIDIA GeForce RTX 3060,2.11.0+cu130,2026-06-26T11:03:47+00:00
hf,Qwen/Qwen2.5-1.5B,float16,1,32,21000,0.0,0.0,14.141019870049767,0.0,2945.29052734375,4231.8955078125,5524.0,False,checkpoint,NVIDIA GeForce RTX 3060,2.11.0+cu130,2026-06-26T11:04:58+00:00
hf,Qwen/Qwen2.5-1.5B,float16,1,32,22000,0.0,0.0,13.629212177693029,0.0,2945.29052734375,4292.736328125,5784.0,False,checkpoint,NVIDIA GeForce RTX 3060,2.11.0+cu130,2026-06-26T11:06:11+00:00
hf,Qwen/Qwen2.5-1.5B,float16,1,32,23000,0.0,0.0,13.153840226010844,0.0,2945.29052734375,4363.89794921875,5920.0,False,checkpoint,NVIDIA GeForce RTX 3060,2.11.0+cu130,2026-06-26T11:07:27+00:00
hf,Qwen/Qwen2.5-1.5B,float16,1,32,24000,0.0,0.0,12.710325464737355,0.0,2945.29052734375,4417.71533203125,6204.0,False,checkpoint,NVIDIA GeForce RTX 3060,2.11.0+cu130,2026-06-26T11:08:46+00:00
hf,Qwen/Qwen2.5-1.5B,float16,1,32,25000,0.0,0.0,12.296292286171118,0.0,2945.29052734375,4472.7958984375,6352.0,False,checkpoint,NVIDIA GeForce RTX 3060,2.11.0+cu130,2026-06-26T11:10:07+00:00
hf,Qwen/Qwen2.5-1.5B,float16,1,32,26000,0.0,0.0,11.90793454383311,0.0,2945.29052734375,4533.748046875,6660.0,False,checkpoint,NVIDIA GeForce RTX 3060,2.11.0+cu130,2026-06-26T11:11:31+00:00
hf,Qwen/Qwen2.5-1.5B,float16,1,32,27000,0.0,0.0,11.544253704805623,0.0,2945.29052734375,4599.78759765625,6820.0,False,checkpoint,NVIDIA GeForce RTX 3060,2.11.0+cu130,2026-06-26T11:12:58+00:00
hf,Qwen/Qwen2.5-1.5B,float16,1,32,28000,0.0,0.0,11.20148594254776,0.0,2945.29052734375,4658.11328125,7152.0,False,checkpoint,NVIDIA GeForce RTX 3060,2.11.0+cu130,2026-06-26T11:14:27+00:00
hf,Qwen/Qwen2.5-1.5B,float16,1,32,29000,0.0,0.0,10.878344216049886,0.0,2945.29052734375,4715.5458984375,7324.0,False,checkpoint,NVIDIA GeForce RTX 3060,2.11.0+cu130,2026-06-26T11:15:59+00:00
hf,Qwen/Qwen2.5-1.5B,float16,1,32,30000,0.0,0.0,10.573672209931019,0.0,2945.29052734375,4775.60009765625,7500.0,False,checkpoint,NVIDIA GeForce RTX 3060,2.11.0+cu130,2026-06-26T11:17:34+00:00
hf,Qwen/Qwen2.5-1.5B,float16,1,32,31000,0.0,0.0,10.28598888554509,0.0,2945.29052734375,4839.22705078125,7864.0,False,checkpoint,NVIDIA GeForce RTX 3060,2.11.0+cu130,2026-06-26T11:19:11+00:00
hf,Qwen/Qwen2.5-1.5B,float16,1,32,32000,0.0,0.0,10.013260027554109,0.0,2945.29052734375,4898.4892578125,8052.0,False,checkpoint,NVIDIA GeForce RTX 3060,2.11.0+cu130,2026-06-26T11:20:51+00:00
hf,Qwen/Qwen2.5-1.5B,float16,1,32,33000,0.0,0.0,9.753251700072164,0.0,2945.29052734375,4955.8369140625,8440.0,False,checkpoint,NVIDIA GeForce RTX 3060,2.11.0+cu130,2026-06-26T11:22:33+00:00
hf,Qwen/Qwen2.5-1.5B,float16,1,32,34000,0.0,0.0,9.508309165685864,0.0,2945.29052734375,5018.81884765625,8640.0,False,checkpoint,NVIDIA GeForce RTX 3060,2.11.0+cu130,2026-06-26T11:24:19+00:00
hf,Qwen/Qwen2.5-1.5B,float16,1,32,35000,0.0,0.0,9.274785693730998,0.0,2945.29052734375,5080.09423828125,9052.0,False,checkpoint,NVIDIA GeForce RTX 3060,2.11.0+cu130,2026-06-26T11:26:06+00:00
hf,Qwen/Qwen2.5-1.5B,float16,1,32,36000,0.0,0.0,9.052452634674491,0.0,2945.29052734375,5140.80029296875,9264.0,False,checkpoint,NVIDIA GeForce RTX 3060,2.11.0+cu130,2026-06-26T11:27:57+00:00
hf,Qwen/Qwen2.5-1.5B,float16,1,32,37000,0.0,0.0,8.839666670072422,0.0,2945.29052734375,5198.0244140625,9700.0,False,checkpoint,NVIDIA GeForce RTX 3060,2.11.0+cu130,2026-06-26T11:29:50+00:00
hf,Qwen/Qwen2.5-1.5B,float16,1,32,38000,0.0,0.0,8.637969586186657,0.0,2945.29052734375,5262.03857421875,9924.0,False,checkpoint,NVIDIA GeForce RTX 3060,2.11.0+cu130,2026-06-26T11:31:46+00:00
hf,Qwen/Qwen2.5-1.5B,float16,1,32,39000,0.0,0.0,8.444950275033728,0.0,2945.29052734375,5325.48046875,10384.0,False,checkpoint,NVIDIA GeForce RTX 3060,2.11.0+cu130,2026-06-26T11:33:44+00:00
hf,Qwen/Qwen2.5-1.5B,float16,1,32,40000,0.0,0.0,8.25967679275557,0.0,2945.29052734375,5385.1923828125,10620.0,False,checkpoint,NVIDIA GeForce RTX 3060,2.11.0+cu130,2026-06-26T11:35:45+00:00
hf,Qwen/Qwen2.5-1.5B,float16,1,32,41000,0.0,0.0,8.082822130004923,0.0,2945.29052734375,5440.2119140625,11104.0,False,checkpoint,NVIDIA GeForce RTX 3060,2.11.0+cu130,2026-06-26T11:37:49+00:00
hf,Qwen/Qwen2.5-1.5B,float16,1,32,42000,0.0,0.0,7.913302532470503,0.0,2945.29052734375,5505.25634765625,11352.0,False,checkpoint,NVIDIA GeForce RTX 3060,2.11.0+cu130,2026-06-26T11:39:55+00:00
hf,Qwen/Qwen2.5-1.5B,float16,1,32,43000,0.0,0.0,7.740570405706952,0.0,2945.29052734375,5564.25146484375,11732.0,False,checkpoint,NVIDIA GeForce RTX 3060,2.11.0+cu130,2026-06-26T11:42:05+00:00
hf,Qwen/Qwen2.5-1.5B,float16,1,32,44000,0.0,0.0,7.594830430430203,0.0,2945.29052734375,5622.85400390625,11732.0,False,checkpoint,NVIDIA GeForce RTX 3060,2.11.0+cu130,2026-06-26T11:44:16+00:00
hf,Qwen/Qwen2.5-1.5B,float16,1,32,45000,0.0,0.0,7.444827121040539,0.0,2945.29052734375,5682.63427734375,11732.0,False,checkpoint,NVIDIA GeForce RTX 3060,2.11.0+cu130,2026-06-26T11:46:31+00:00
hf,Qwen/Qwen2.5-1.5B,float16,1,32,46000,0.0,0.0,7.300749899830432,0.0,2945.29052734375,5743.51953125,11732.0,False,checkpoint,NVIDIA GeForce RTX 3060,2.11.0+cu130,2026-06-26T11:48:48+00:00
hf,Qwen/Qwen2.5-1.5B,float16,1,32,47000,0.0,0.0,7.161898552514765,0.0,2945.29052734375,5803.9931640625,11732.0,False,checkpoint,NVIDIA GeForce RTX 3060,2.11.0+cu130,2026-06-26T11:51:07+00:00
hf,Qwen/Qwen2.5-1.5B,float16,1,32,48000,0.0,0.0,7.02865164140631,0.0,2945.29052734375,5865.13525390625,11732.0,False,checkpoint,NVIDIA GeForce RTX 3060,2.11.0+cu130,2026-06-26T11:53:29+00:00
hf,Qwen/Qwen2.5-1.5B,float16,1,32,49000,0.0,0.0,6.900378066477731,0.0,2945.29052734375,5925.53369140625,11732.0,False,checkpoint,NVIDIA GeForce RTX 3060,2.11.0+cu130,2026-06-26T11:55:54+00:00
hf,Qwen/Qwen2.5-1.5B,float16,1,32,50000,0.0,0.0,6.776732317617507,0.0,2945.29052734375,5985.84765625,11732.0,False,checkpoint,NVIDIA GeForce RTX 3060,2.11.0+cu130,2026-06-26T11:58:22+00:00
hf,Qwen/Qwen2.5-1.5B,float16,1,32,51000,0.0,0.0,6.656487260496982,0.0,2945.29052734375,6046.8369140625,11732.0,False,checkpoint,NVIDIA GeForce RTX 3060,2.11.0+cu130,2026-06-26T12:00:52+00:00
hf,Qwen/Qwen2.5-1.5B,float16,1,32,52000,0.0,0.0,6.541534256170339,0.0,2945.29052734375,6119.07861328125,11732.0,False,checkpoint,NVIDIA GeForce RTX 3060,2.11.0+cu130,2026-06-26T12:03:25+00:00
hf,Qwen/Qwen2.5-1.5B,float16,1,32,53000,0.0,0.0,6.430159503904169,0.0,2945.29052734375,6170.0673828125,11732.0,False,checkpoint,NVIDIA GeForce RTX 3060,2.11.0+cu130,2026-06-26T12:06:01+00:00
hf,Qwen/Qwen2.5-1.5B,float16,1,32,54000,0.0,0.0,6.322485190654532,0.0,2945.29052734375,6227.50341796875,11732.0,False,checkpoint,NVIDIA GeForce RTX 3060,2.11.0+cu130,2026-06-26T12:08:39+00:00
hf,Qwen/Qwen2.5-1.5B,float16,1,32,55000,0.0,0.0,6.2177453011354755,0.0,2945.29052734375,6289.6806640625,11732.0,False,checkpoint,NVIDIA GeForce RTX 3060,2.11.0+cu130,2026-06-26T12:11:20+00:00
hf,Qwen/Qwen2.5-1.5B,float16,1,32,56000,0.0,0.0,6.114792958105234,0.0,2945.29052734375,6348.4150390625,11732.0,False,checkpoint,NVIDIA GeForce RTX 3060,2.11.0+cu130,2026-06-26T12:14:03+00:00
hf,Qwen/Qwen2.5-1.5B,float16,1,32,57000,0.0,0.0,6.019889256552162,0.0,2945.29052734375,6411.1025390625,11732.0,False,checkpoint,NVIDIA GeForce RTX 3060,2.11.0+cu130,2026-06-26T12:16:49+00:00
hf,Qwen/Qwen2.5-1.5B,float16,1,32,58000,0.0,0.0,5.925125442175903,0.0,2945.29052734375,6469.5087890625,11732.0,False,checkpoint,NVIDIA GeForce RTX 3060,2.11.0+cu130,2026-06-26T12:19:38+00:00
hf,Qwen/Qwen2.5-1.5B,float16,1,32,59000,0.0,0.0,5.833473585503201,0.0,2945.29052734375,6530.0556640625,11732.0,False,checkpoint,NVIDIA GeForce RTX 3060,2.11.0+cu130,2026-06-26T12:22:29+00:00
hf,Qwen/Qwen2.5-1.5B,float16,1,32,60000,0.0,0.0,5.744780002085182,0.0,2945.29052734375,6591.546875,11732.0,False,checkpoint,NVIDIA GeForce RTX 3060,2.11.0+cu130,2026-06-26T12:25:23+00:00
hf,Qwen/Qwen2.5-1.5B,float16,1,32,61000,0.0,0.0,5.658771775669099,0.0,2945.29052734375,6651.75,11732.0,False,checkpoint,NVIDIA GeForce RTX 3060,2.11.0+cu130,2026-06-26T12:28:20+00:00
hf,Qwen/Qwen2.5-1.5B,float16,1,32,62000,0.0,0.0,5.574871137468257,0.0,2945.29052734375,6712.2333984375,11732.0,False,checkpoint,NVIDIA GeForce RTX 3060,2.11.0+cu130,2026-06-26T12:31:20+00:00
hf,Qwen/Qwen2.5-1.5B,float16,1,32,63000,0.0,0.0,5.493819645825721,0.0,2945.29052734375,6772.6904296875,11732.0,False,checkpoint,NVIDIA GeForce RTX 3060,2.11.0+cu130,2026-06-26T12:34:22+00:00
hf,Qwen/Qwen2.5-1.5B,float16,1,32,64000,0.0,0.0,5.415131328533767,0.0,2945.29052734375,6834.34375,11732.0,False,checkpoint,NVIDIA GeForce RTX 3060,2.11.0+cu130,2026-06-26T12:37:26+00:00
hf,Qwen/Qwen2.5-1.5B,float16,1,32,65000,0.0,0.0,5.338200873404346,0.0,2945.29052734375,6897.04296875,11732.0,False,checkpoint,NVIDIA GeForce RTX 3060,2.11.0+cu130,2026-06-26T12:40:34+00:00
hf,Qwen/Qwen2.5-1.5B,float16,1,32,66000,0.0,0.0,5.261963092866772,0.0,2945.29052734375,6959.9423828125,11732.0,False,checkpoint,NVIDIA GeForce RTX 3060,2.11.0+cu130,2026-06-26T12:43:44+00:00
hf,Qwen/Qwen2.5-1.5B,float16,1,32,67000,0.0,0.0,5.191280771021751,0.0,2945.29052734375,7014.9716796875,11732.0,False,checkpoint,NVIDIA GeForce RTX 3060,2.11.0+cu130,2026-06-26T12:46:56+00:00
hf,Qwen/Qwen2.5-1.5B,float16,1,32,68000,0.0,0.0,5.120939285357942,0.0,2945.29052734375,7077.140625,11732.0,False,checkpoint,NVIDIA GeForce RTX 3060,2.11.0+cu130,2026-06-26T12:50:12+00:00
hf,Qwen/Qwen2.5-1.5B,float16,1,32,69000,0.0,0.0,5.052046495052803,0.0,2945.29052734375,7136.40625,11732.0,False,checkpoint,NVIDIA GeForce RTX 3060,2.11.0+cu130,2026-06-26T12:53:29+00:00
hf,Qwen/Qwen2.5-1.5B,float16,1,32,70000,0.0,0.0,4.985548616660958,0.0,2945.29052734375,7197.7333984375,11732.0,False,checkpoint,NVIDIA GeForce RTX 3060,2.11.0+cu130,2026-06-26T12:56:50+00:00
hf,Qwen/Qwen2.5-1.5B,float16,1,32,71000,0.0,0.0,4.9205980613859435,0.0,2945.29052734375,7257.8876953125,11732.0,False,checkpoint,NVIDIA GeForce RTX 3060,2.11.0+cu130,2026-06-26T13:00:13+00:00
hf,Qwen/Qwen2.5-1.5B,float16,1,32,72000,0.0,0.0,4.857169377185221,0.0,2945.29052734375,7319.9375,11732.0,False,checkpoint,NVIDIA GeForce RTX 3060,2.11.0+cu130,2026-06-26T13:03:39+00:00
hf,Qwen/Qwen2.5-1.5B,float16,1,32,73000,0.0,0.0,4.793872694918772,0.0,2945.29052734375,7378.4638671875,11732.0,False,checkpoint,NVIDIA GeForce RTX 3060,2.11.0+cu130,2026-06-26T13:07:08+00:00
hf,Qwen/Qwen2.5-1.5B,float16,1,32,74000,0.0,0.0,4.735197644518419,0.0,2945.29052734375,7438.2587890625,11732.0,False,checkpoint,NVIDIA GeForce RTX 3060,2.11.0+cu130,2026-06-26T13:10:39+00:00
hf,Qwen/Qwen2.5-1.5B,float16,1,32,75000,0.0,0.0,4.676659046343477,0.0,2945.29052734375,7499.8994140625,11732.0,False,checkpoint,NVIDIA GeForce RTX 3060,2.11.0+cu130,2026-06-26T13:14:13+00:00
hf,Qwen/Qwen2.5-1.5B,float16,1,32,76000,0.0,0.0,4.619316132611855,0.0,2945.29052734375,7561.1044921875,11732.0,False,checkpoint,NVIDIA GeForce RTX 3060,2.11.0+cu130,2026-06-26T13:17:49+00:00
hf,Qwen/Qwen2.5-1.5B,float16,1,32,77000,0.0,0.0,4.5635801954948,0.0,2945.29052734375,7621.3212890625,11732.0,False,checkpoint,NVIDIA GeForce RTX 3060,2.11.0+cu130,2026-06-26T13:21:28+00:00
hf,Qwen/Qwen2.5-1.5B,float16,1,32,78000,0.0,0.0,4.508241147021576,0.0,2945.29052734375,7680.4462890625,11732.0,False,checkpoint,NVIDIA GeForce RTX 3060,2.11.0+cu130,2026-06-26T13:25:10+00:00
hf,Qwen/Qwen2.5-1.5B,float16,1,32,79000,0.0,0.0,4.455811680772396,0.0,2945.29052734375,7741.9208984375,11732.0,False,checkpoint,NVIDIA GeForce RTX 3060,2.11.0+cu130,2026-06-26T13:28:55+00:00
hf,Qwen/Qwen2.5-1.5B,float16,1,32,80000,0.0,0.0,4.403574683644331,0.0,2945.29052734375,7801.5400390625,11732.0,False,checkpoint,NVIDIA GeForce RTX 3060,2.11.0+cu130,2026-06-26T13:32:42+00:00
hf,Qwen/Qwen2.5-1.5B,float16,1,32,81000,0.0,0.0,4.3529427343567475,0.0,2945.29052734375,7863.2958984375,11732.0,False,checkpoint,NVIDIA GeForce RTX 3060,2.11.0+cu130,2026-06-26T13:36:31+00:00
hf,Qwen/Qwen2.5-1.5B,float16,1,32,82000,0.0,0.0,4.303403604777246,0.0,2945.29052734375,7922.6337890625,11732.0,False,checkpoint,NVIDIA GeForce RTX 3060,2.11.0+cu130,2026-06-26T13:40:24+00:00
hf,Qwen/Qwen2.5-1.5B,float16,1,32,83000,0.0,0.0,4.253899971570837,0.0,2945.29052734375,7991.26318359375,11732.0,False,checkpoint,NVIDIA GeForce RTX 3060,2.11.0+cu130,2026-06-26T13:44:19+00:00
hf,Qwen/Qwen2.5-1.5B,float16,1,32,84000,0.0,0.0,4.207294718190909,0.0,2945.29052734375,8044.697265625,11732.0,False,checkpoint,NVIDIA GeForce RTX 3060,2.11.0+cu130,2026-06-26T13:48:17+00:00
hf,Qwen/Qwen2.5-1.5B,float16,1,32,85000,0.0,0.0,4.160921926055664,0.0,2945.29052734375,8106.52734375,11732.0,False,checkpoint,NVIDIA GeForce RTX 3060,2.11.0+cu130,2026-06-26T13:52:17+00:00
hf,Qwen/Qwen2.5-1.5B,float16,1,32,86000,0.0,0.0,4.115613130336179,0.0,2945.29052734375,8164.8212890625,11732.0,False,checkpoint,NVIDIA GeForce RTX 3060,2.11.0+cu130,2026-06-26T13:56:20+00:00
hf,Qwen/Qwen2.5-1.5B,float16,1,32,87000,0.0,0.0,4.070380535358934,0.0,2945.29052734375,8226.912109375,11732.0,False,checkpoint,NVIDIA GeForce RTX 3060,2.11.0+cu130,2026-06-26T14:00:26+00:00
hf,Qwen/Qwen2.5-1.5B,float16,1,32,88000,0.0,0.0,4.027561372915684,0.0,2945.29052734375,8286.1083984375,11732.0,False,checkpoint,NVIDIA GeForce RTX 3060,2.11.0+cu130,2026-06-26T14:04:34+00:00
hf,Qwen/Qwen2.5-1.5B,float16,1,32,89000,0.0,0.0,3.9850443805136657,0.0,2945.29052734375,8346.990234375,11732.0,False,checkpoint,NVIDIA GeForce RTX 3060,2.11.0+cu130,2026-06-26T14:08:45+00:00
hf,Qwen/Qwen2.5-1.5B,float16,1,32,90000,0.0,0.0,3.9432969601292935,0.0,2945.29052734375,8407.6435546875,11732.0,False,checkpoint,NVIDIA GeForce RTX 3060,2.11.0+cu130,2026-06-26T14:12:58+00:00
hf,Qwen/Qwen2.5-1.5B,float16,1,32,91000,0.0,0.0,3.9013906701494725,0.0,2945.29052734375,8467.5556640625,11732.0,False,checkpoint,NVIDIA GeForce RTX 3060,2.11.0+cu130,2026-06-26T14:17:15+00:00
hf,Qwen/Qwen2.5-1.5B,float16,1,32,92000,0.0,0.0,3.8625338478093365,0.0,2945.29052734375,8528.8583984375,11732.0,False,checkpoint,NVIDIA GeForce RTX 3060,2.11.0+cu130,2026-06-26T14:21:34+00:00
hf,Qwen/Qwen2.5-1.5B,float16,1,32,93000,0.0,0.0,3.8234930625880077,0.0,2945.29052734375,8589.224609375,11732.0,False,checkpoint,NVIDIA GeForce RTX 3060,2.11.0+cu130,2026-06-26T14:25:55+00:00
hf,Qwen/Qwen2.5-1.5B,float16,1,32,94000,0.0,0.0,3.7833020979206786,0.0,2945.29052734375,8653.44189453125,11732.0,False,checkpoint,NVIDIA GeForce RTX 3060,2.11.0+cu130,2026-06-26T14:30:19+00:00
hf,Qwen/Qwen2.5-1.5B,float16,1,32,95000,0.0,0.0,3.7475506212177936,0.0,2945.29052734375,8709.7431640625,11732.0,False,checkpoint,NVIDIA GeForce RTX 3060,2.11.0+cu130,2026-06-26T14:34:46+00:00
hf,Qwen/Qwen2.5-1.5B,float16,1,32,96000,0.0,0.0,3.710766418013351,0.0,2945.29052734375,8771.6083984375,11732.0,False,checkpoint,NVIDIA GeForce RTX 3060,2.11.0+cu130,2026-06-26T14:39:16+00:00
hf,Qwen/Qwen2.5-1.5B,float16,1,32,97000,0.0,0.0,3.6736686737900595,0.0,2945.29052734375,8831.458984375,11732.0,False,checkpoint,NVIDIA GeForce RTX 3060,2.11.0+cu130,2026-06-26T14:43:48+00:00
hf,Qwen/Qwen2.5-1.5B,float16,1,32,98000,0.0,0.0,3.6390665582945,0.0,2945.29052734375,8893.1171875,11732.0,False,checkpoint,NVIDIA GeForce RTX 3060,2.11.0+cu130,2026-06-26T14:48:23+00:00
hf,Qwen/Qwen2.5-1.5B,float16,1,32,99000,0.0,0.0,3.6032061503348194,0.0,2945.29052734375,8951.9306640625,11732.0,False,checkpoint,NVIDIA GeForce RTX 3060,2.11.0+cu130,2026-06-26T14:53:00+00:00
hf,Qwen/Qwen2.5-1.5B,float16,1,32,100000,0.0,0.0,3.5654317585126294,0.0,2945.29052734375,9014.3583984375,11732.0,False,checkpoint,NVIDIA GeForce RTX 3060,2.11.0+cu130,2026-06-26T14:57:41+00:00
hf,Qwen/Qwen2.5-1.5B,float16,1,32,101000,0.0,0.0,3.5318860316037473,0.0,2945.29052734375,9073.0458984375,11732.0,False,checkpoint,NVIDIA GeForce RTX 3060,2.11.0+cu130,2026-06-26T15:02:24+00:00
hf,Qwen/Qwen2.5-1.5B,float16,1,32,102000,0.0,0.0,3.4982817305592437,0.0,2945.29052734375,9133.5712890625,11732.0,False,checkpoint,NVIDIA GeForce RTX 3060,2.11.0+cu130,2026-06-26T15:07:10+00:00
hf,Qwen/Qwen2.5-1.5B,float16,1,32,103000,0.0,0.0,3.466981853469785,0.0,2945.29052734375,9194.4208984375,11732.0,False,checkpoint,NVIDIA GeForce RTX 3060,2.11.0+cu130,2026-06-26T15:11:58+00:00
hf,Qwen/Qwen2.5-1.5B,float16,1,32,104000,0.0,0.0,3.434749414899522,0.0,2945.29052734375,9254.6650390625,11732.0,False,checkpoint,NVIDIA GeForce RTX 3060,2.11.0+cu130,2026-06-26T15:16:49+00:00
hf,Qwen/Qwen2.5-1.5B,float16,1,32,105000,0.0,0.0,3.404258783140206,0.0,2945.29052734375,9315.7958984375,11732.0,False,checkpoint,NVIDIA GeForce RTX 3060,2.11.0+cu130,2026-06-26T15:21:43+00:00
hf,Qwen/Qwen2.5-1.5B,float16,1,32,106000,0.0,0.0,3.3729954991657634,0.0,2945.29052734375,9375.7587890625,11732.0,False,checkpoint,NVIDIA GeForce RTX 3060,2.11.0+cu130,2026-06-26T15:26:40+00:00
hf,Qwen/Qwen2.5-1.5B,float16,1,32,107000,0.0,0.0,3.344051112597214,0.0,2945.29052734375,9437.1708984375,11732.0,False,checkpoint,NVIDIA GeForce RTX 3060,2.11.0+cu130,2026-06-26T15:31:39+00:00
hf,Qwen/Qwen2.5-1.5B,float16,1,32,108000,0.0,0.0,3.3135088044668595,0.0,2945.29052734375,9496.8525390625,11732.0,False,checkpoint,NVIDIA GeForce RTX 3060,2.11.0+cu130,2026-06-26T15:36:40+00:00
hf,Qwen/Qwen2.5-1.5B,float16,1,32,109000,0.0,0.0,3.28549540624449,0.0,2945.29052734375,9558.5458984375,11732.0,False,checkpoint,NVIDIA GeForce RTX 3060,2.11.0+cu130,2026-06-26T15:41:45+00:00
hf,Qwen/Qwen2.5-1.5B,float16,1,32,110000,0.0,0.0,3.2565704212330013,0.0,2945.29052734375,9617.9462890625,11732.0,False,checkpoint,NVIDIA GeForce RTX 3060,2.11.0+cu130,2026-06-26T15:46:52+00:00
hf,Qwen/Qwen2.5-1.5B,float16,1,32,111000,0.0,0.0,3.22874288764522,0.0,2945.29052734375,9685.63916015625,11764.0,False,checkpoint,NVIDIA GeForce RTX 3060,2.11.0+cu130,2026-06-26T15:52:02+00:00
hf,Qwen/Qwen2.5-1.5B,float16,1,32,112000,0.0,0.0,3.200516398074469,0.0,2945.29052734375,9739.0400390625,11764.0,False,checkpoint,NVIDIA GeForce RTX 3060,2.11.0+cu130,2026-06-26T15:57:14+00:00
hf,Qwen/Qwen2.5-1.5B,float16,1,32,113000,0.0,0.0,3.174879093689906,0.0,2945.29052734375,9801.2958984375,11764.0,False,checkpoint,NVIDIA GeForce RTX 3060,2.11.0+cu130,2026-06-26T16:02:29+00:00
hf,Qwen/Qwen2.5-1.5B,float16,1,32,114000,0.0,0.0,3.147746611715685,0.0,2945.29052734375,9860.1337890625,11764.0,False,checkpoint,NVIDIA GeForce RTX 3060,2.11.0+cu130,2026-06-26T16:07:47+00:00
hf,Qwen/Qwen2.5-1.5B,float16,1,32,115000,0.0,0.0,3.121210022858715,0.0,2945.29052734375,9930.6357421875,11764.0,False,checkpoint,NVIDIA GeForce RTX 3060,2.11.0+cu130,2026-06-26T16:13:07+00:00
hf,Qwen/Qwen2.5-1.5B,float16,1,32,116000,0.0,0.0,3.0958451451775164,0.0,2945.29052734375,9981.96142578125,11764.0,False,checkpoint,NVIDIA GeForce RTX 3060,2.11.0+cu130,2026-06-26T16:18:30+00:00
hf,Qwen/Qwen2.5-1.5B,float16,1,32,117000,0.0,0.0,3.070606714209353,0.0,2945.29052734375,10041.7744140625,11764.0,False,checkpoint,NVIDIA GeForce RTX 3060,2.11.0+cu130,2026-06-26T16:23:56+00:00
hf,Qwen/Qwen2.5-1.5B,float16,1,32,118000,0.0,0.0,3.045947177586426,0.0,2945.29052734375,10104.39697265625,11764.0,False,checkpoint,NVIDIA GeForce RTX 3060,2.11.0+cu130,2026-06-26T16:29:24+00:00
hf,Qwen/Qwen2.5-1.5B,float16,1,32,119000,0.0,0.0,3.0205482501396785,0.0,2945.29052734375,10162.8681640625,11764.0,False,checkpoint,NVIDIA GeForce RTX 3060,2.11.0+cu130,2026-06-26T16:34:55+00:00
hf,Qwen/Qwen2.5-1.5B,float16,1,32,120000,0.0,0.0,2.9974411452912055,0.0,2945.29052734375,10226.88916015625,11764.0,False,checkpoint,NVIDIA GeForce RTX 3060,2.11.0+cu130,2026-06-26T16:40:29+00:00
hf,Qwen/Qwen2.5-1.5B,float16,1,32,121000,0.0,0.0,2.97294226260905,0.0,2945.29052734375,10283.9619140625,11764.0,False,checkpoint,NVIDIA GeForce RTX 3060,2.11.0+cu130,2026-06-26T16:46:05+00:00
hf,Qwen/Qwen2.5-1.5B,float16,1,32,122000,0.0,0.0,2.950898468755016,0.0,2945.29052734375,10349.3916015625,11764.0,False,checkpoint,NVIDIA GeForce RTX 3060,2.11.0+cu130,2026-06-26T16:51:44+00:00
hf,Qwen/Qwen2.5-1.5B,float16,1,32,123000,0.0,0.0,2.9267962049844494,0.0,2945.29052734375,10405.0556640625,11764.0,False,checkpoint,NVIDIA GeForce RTX 3060,2.11.0+cu130,2026-06-26T16:57:26+00:00
hf,Qwen/Qwen2.5-1.5B,float16,1,32,123533,0.0,0.0,0.0,0.0,2945.29052734375,10437.32763671875,11764.0,True,CUDA OOM while decoding token 123533,NVIDIA GeForce RTX 3060,2.11.0+cu130,2026-06-26T17:00:29+00:00
